location,followers,comments,coordinates,language,geometry,sentiment
,243,"RT @StevePieczenik: #Dominion 
#DominionVotingSystems https://t.co/aZCLBBpHj8",,und,,
,114,"RT @StevePieczenik: #Dominion 
#DominionVotingSystems",,und,,
"Kampala, Uganda",376,rt suarez hates happening messi,,en,,2
de #Barcelona y de #Mexico,575,el primer master turismo lgbti impartir√° barcelona via,,es,,0
Eter,548,el ibi barcelona cuesta,,es,,0
"Castelloli,Catalunya,Espa√±a.",4686,provincia,,es,,1
,386,rt un d√≠a barcelona ciudad moderna hasta populismo hizo,,es,,1
,77,rt ampliar√† partida digitalitzaci√≥ petit la pand√®mia impulsat venda l√≠nia,,ca,,1
üêê,2717,rt barcelona football club paying respect real european cup titles sitting in laliga table,,en,,2
barcelona,26,rt tirotejat per gu√†rdia urb√† barcelona duia m√† cabestrell i bossa penjada,,ca,,0
Japanese,32,rt messi shown still says barcelona boss koeman,,en,,2
Barcelona,147,viajo swissair s√© insistes cuarentena,,es,,0
,114,qu√© pena y espa√±oles,,es,,1
,1252,rt okupas nada detiene af√°n pero vamos liderar gran coalici√≥n,,es,,0
"Valencia, Espa√±a",204,rt,,en,,2
Espa√±a,13,tenemos nuevas ofertas adminstraci√≥n secretariado,,es,,0
"Lagos, Nigeria ",3965,manchester city ended pursuit lionel according spanish football expert semra,,en,,2
"Florida, USA",626,"RT @StevePieczenik: #Dominion 
#DominionVotingSystems",,und,,
ONDO BOY,1617,rt suarez hates happening messi,,en,,2
,305,descubr√≠ leyendo art√≠culo nuria vidal habla,,es,,0
k,2156,rt barcelona football club paying respect real european cup titles sitting in laliga table,,en,,2
"Tijuana, Baja California üá≤üáΩ",102,rt nuevo video el fc barcelona me env√≠a esta caja,,es,,0
Sant Esteve De Les Roures,4306,rt un gu√†rdia civil blanqueja m√©s robats port barcelona,,ca,,0
"Los Angeles, CA",20,rt barcelona ruled signing memphis depay if income priority,,en,,2
Catalunya,104827,jordi montull amagat just√≠cia ingressos euros anuals lloguers per evitar li ho,,ca,,0
,44,rt mircea lucescu of presence messi always,,en,,2
"Lagos, Nigeria",231,rt suarez hates happening messi,,en,,2
Sabadell - Pa√Øsos Catalans,232,rt la onda expansiva llegado barcelona,,ca,,2
ÍøàÎÇòÎùº,100,hoy empieza hilo aventuras barcelona,,es,,2
Reino de Espa√±a ,4545,rt okupas nada detiene af√°n pero vamos liderar gran coalici√≥n,,es,,0
Cabrils,371,rt tirotejat per gu√†rdia urb√† barcelona duia m√† cabestrell i bossa penjada,,ca,,0
"Immerath, Deutschland",820,unexpected change direction polak band i we decided boy band,,en,,2
"Asheville, NC",5059,rt installed votes found way barcelona software manipulated vote,,en,,2
,1045,RT @i_iamfreezy: @Pypper_ Na Barcelona break my heart oooüòÇüòÇ,,pl,,
,653,rt llama marjan hombre tiroteado guardia urbana llevaba brazo cabestrillo,,es,,0
,2459,know barcelona let messi leave build team got nothing left,,en,,2
"Cassoles, Barcelona",600,la barcelona fa fora policia i recupera cases per ve√Ønes barcelona volem,,ca,,0
,49,rt if barcelona want griezmann cut player says not happening even though fans think affects game,,en,,2
akoka,2771,rt if barcelona want griezmann cut player says not happening even though fans think affects game,,en,,2
,1468,rt barcelona football club paying respect real european cup titles sitting in laliga table,,en,,2
Paris,146,RT @akira_doe: @DrGomi @EricBillyFR Bon ... l'espoir d'une moindre susceptibilite des enfants a du plomb dans l'aile ... https://t.co/jEp9s‚Ä¶,,fr,,
,443,en infierno,,es,,0
"Dar es Salaam, Tanzania",23,"#UCL LEO.
.
20:55' FC Krasnodar üÜö Sevilla
20:55' Rennes üÜö Chelsea
23:00' Borussia Dortmund üÜö Club Brugge
23:00' Laz‚Ä¶ https://t.co/JP7m360jDR",,ro,,
"chelsea fc üíô, real madrid ü§ç",335,rt barcelona football club paying respect real european cup titles sitting in laliga table,,en,,2
Madrid,225,vuelve barsa llor√≥n,,es,,0
Espa√±a,2496,rt okupas nada detiene af√°n pero vamos liderar gran coalici√≥n,,es,,0
"Vigo, Galicia",1309,rt barcelona football club paying respect real european cup titles sitting in laliga table,,en,,2
In the heart of the Bernabeau,927,rt barcelona football club paying respect real european cup titles sitting in laliga table,,en,,2
San Cristobal - Venezuela,1143,rt en messi lograba doblete estadio m√≠tico celtic cara sonriente ojos forma coraz√≥n,,es,,1
Barcelona,1724915,repasa futbolistas barcelona filas seguramente llegar√°,,es,,0
Barcelona,3202,esteu temps fer vostres propostes,,ca,,2
"Costa Mesa, CA",214,"RT @StevePieczenik: #Dominion 
#DominionVotingSystems",,und,,
"ƒ∞stanbul, T√ºrkiye",72,"RT @Bonushood1: Sponsorumuz Grbets muhte≈üem bir etkinlikle kar≈üƒ±nƒ±zda. 

GRBETS / Dƒ∞NAMO Kƒ∞EV - BARCELONA / SKOR ETKƒ∞NLƒ∞ƒûƒ∞ / 15 TL FREEBET!‚Ä¶",,tr,,
"Sant Celoni, Espanya",871,rt tirotejat per gu√†rdia urb√† barcelona duia m√† cabestrell i bossa penjada,,ca,,0
Guadalcac√≠n (Sverige),218,rt tirotejat per gu√†rdia urb√† barcelona duia m√† cabestrell i bossa penjada,,ca,,0
,13,rt fc barcelona debemos ser bloque s√≥lido defensa tener eficacia el c√≥rner sur,,es,,0
,2713,rt aix√≤ va pasar per mort tret gossa sota barcelona per gu√†rdia urb√† ara fa dos ara tenim,,ca,,0
,4,y copas europa copas rey,,es,,1
"Barcelona, Tabarnia, Espa√±a",1220,rt un d√≠a barcelona ciudad moderna hasta populismo hizo,,es,,1
Madrid - Barcelona,1176,rt aparcamientos peque√±os europa los coches cada vez,,es,,0
,335,rt tirotejat per gu√†rdia urb√† barcelona duia m√† cabestrell i bossa penjada,,ca,,0
"New York, London, Rome",450,rt met sidney seen evidence respect dominion machines software used,,en,,2
"McKinney, TX",404,rt met sidney seen evidence respect dominion machines software used,,en,,2
"Barcelona, Espa√±a",72,tantas canciones puesto nunca la bso robin prince of film simphony,,es,,0
,343,RT @joerg_spengler: #Barcelona soll zu einer einzigen gro√üen Fu√üg√§ngerzone werden. Das hat B√ºrgermeisterin Ada Colau bekannt gegeben. Bis 2‚Ä¶,,de,,
"San Diego, CA | he/him",367,rt barcelona football club paying respect real european cup titles sitting in laliga table,,en,,2
Nigeria,1046,rt if barcelona want griezmann cut player says not happening even though fans think affects game,,en,,2
,74,"RT @Bonushood1: Etkinliƒüe gelll üó£Ô∏è

CEBAHƒ∞S | Dƒ∞NAMO Kƒ∞EV - BARCELONA | TOPLAM GOL ARALIƒûI ETKƒ∞NLƒ∞ƒûƒ∞ | 30‚Ç∫ FREEBET!

‚ôæ RT+ FAV
‚ôæ 3 Arkada≈üƒ±‚Ä¶",,tr,,
,841,RT @StevePieczenik: #Massachusetts,,und,,
,379,barca fans ronaldinho lighting world looking like banshee,,en,,2
Barcelona,520,rt tirotejat per gu√†rdia urb√† barcelona duia m√† cabestrell i bossa penjada,,ca,,0
,558,rt me barcelona momento pero barceloneses votaron psc esperaban,,es,,2
dc,318,rt barcelona football club paying respect real european cup titles sitting in laliga table,,en,,2
Worldwide,984,rt please tag barcelona see,,en,,2
Barcelona,7237,rt suspenen feina i sou mosso per pegar jove ciutat vella i tres m√©s seves,,ca,,0
La catedral,371,rt imagine wayne rooney part barcelona team,,en,,2
,20,rt en cas sensesostre tirotejat barcelona fins caigui qui peti qui i hi,,ca,,0
Catalunya,224790,a retenci√≥ papiol i sant feliu accidentat cami√≥ talla,,ca,,0
,278,Seguid votando prus√©s idiotas!,,pt,,
"Catalunya, Arenys d Munt.",253,rt avui colau i ex√®rcit comuns polemitzant artificiosament twitter semblaria,,ca,,0
,1271,rt dijous obrirem excepcionalment el si vius fora volem,,ca,,0
South Africa,2359,üòçüòç,,und,,
Somewhere In The Ville ,96,rt barcelona football club paying respect real european cup titles sitting in laliga table,,en,,2
,49,rt wayne rooney barcelona team would,,en,,2
"Barcelona, Espa√±a",140,rt ay√∫danos difundir taller online ampliar voz luchando,,es,,0
,1888,rt imatges amb major nitidesa tiroteig sensesostre posen dubte,,ca,,2
"Barcelona, Espa√±a",68,rt el dia surti tot passa port barcelona s√®rie the wire quedar√† com bob un gu√†rdia civil,,ca,,2
Egerton Njoro,393,rt champions league krasnodar sevilla rennes chelsea bvb club brugge,,en,,2
,649,qu√® collons fem donant pistoles als els aquella gent sabut fer jove i,,ca,,0
Barcelona-Catalunya,18711,rt amb aquesta simulaci√≥ fas colau podria ser alcaldessa ja necessita regidors colau,,ca,,0
Good place.,2324,RT @LouieDi13: No MESSI,,it,,
"Catalunya, Espanya",1462,rt difusion si puedes ayudar contacta con el tfno necesito transportar carrito quiero,,es,,0
"Catalonia, Spain",122178,universo valdano via griezzman gave interview valdano clarify latest information,,en,,2
.,569,i told u bebih,,in,,
,772,rt urbanisme amb perspectiva g√®nere per ciutat m√©s amable amb persones,,ca,,0
,405,rt visto hace oposici√≥n ayuntamiento pr√≥xima vez presento alguna lista van,,es,,0
,0,viaje pa√≠s vuelo dos panam√°,,es,,2
Dansoman,156,rt imagine wayne rooney part barcelona team,,en,,2
Instagram - hltcopod,17915,hltco football podcast sociedad flying barcelona flopping unai emery wins doubters,,en,,2
,268,a odian madrid toda espa√±a porq peste periodismo,,es,,0
300m buiten Delft,81,@JurrVanWessem Wat mij betreft zou het beter zijn dat Messi de club verlaat. En wat ie dan gaat doen is me om het e‚Ä¶ https://t.co/5Kc3Xv8iJd,,nl,,
Madrid - Ja√©n,909,rt me barcelona momento pero barceloneses votaron psc esperaban,,es,,2
,653,rt la va intentar assassinar persona sense motius,,ca,,0
+62,365,"RT @panditfootball: 15 tahun lalu, para pendukung Real Madrid memberi standing ovation kepada Ronaldinho atas aksi gemilang dan torehan dua‚Ä¶",,in,,
,461,rennes vs chelsea dynamo kiev vs barcelona i freaking,,en,,2
Netherlands,26209,RT @_mtiemann: Laut Barcelonas B√ºrgermeisterin @AdaColau soll die spanische Stadt bis 2030 autofrei sein. Unvorstellbar in Deutschland? Ehe‚Ä¶,,de,,
Aranjuez,3471,rt cadena feminista violencias atraviesa varias calles,,es,,0
"Caldes de Montbui, PPCC",319,rt tirotejat per gu√†rdia urb√† barcelona duia m√† cabestrell i bossa penjada,,ca,,0
,13,rt el sevilla fc sum√≥ valioso punto visita fc barcelona el c√≥rner sur,,es,,2
"Galicia, Espa√±a",131,rt chica adorable mismo tiempo pareces tienes voz ojal√°,,es,,2
World,476,rt difusion si puedes ayudar contacta con el tfno necesito transportar carrito quiero,,es,,0
,124,rt un d√≠a barcelona ciudad moderna hasta populismo hizo,,es,,1
,151,"RT @SiyahCorapIilar: - Altƒ±n madalyalƒ± boks√∂r√º olan bir Barcelona g√∂remezsiniz

- Rekortmen y√ºz metreci atleti olan bir Real Madrid'e rast‚Ä¶",,tr,,
"Bali,Spanje, Ascari,Nederlands",184,https://t.co/qo559gCLIV,,und,,
,95,pep guardiola Barcelona sƒ±,,tr,,
,384,rt cosas peores morir accidente enfermedad irte poder,,es,,0
Onubense por el mundo,2887,rt ahora vete hacienda plantea,,es,,0
God's right hand.,6743,rt if barcelona want griezmann cut player says not happening even though fans think affects game,,en,,2
"Barcelona, Catalonia",12044,si vens dimarts diumenge podr√†s gaudir nostres exposicions,,ca,,1
Madrid,1028,a so√±ar anotar felicidad v√≠a,,es,,0
"Barcelona, Catalunya",45,rt benvolguda les lleng√ºes comencen morir quan els seus parlants ets,,ca,,0
,75,rt wayne rooney barcelona team would,,en,,2
"Longyearbyen, islas Svalbard",83,rt,,en,,2
,76,rt wayne rooney barcelona team would,,en,,2
Sevilla. Rute. Granada. Padul ,2073,preciosa foto puerto,,es,,1
,969,rt imagine going school years learning things like common sense read write end,,en,,2
"Accra, Ghana",4487,rt if barcelona want griezmann cut player says not happening even though fans think affects game,,en,,2
,15,"RT @Kalebetturkiye: DINAMO KIEV üü• BARCELONA

Kar≈üƒ±la≈ümayƒ± hangi takƒ±m kazanƒ±r ‚öΩÔ∏è

‚ÄºÔ∏è @KalebetTurkiye'yi takip et
‚ÄºÔ∏è 5 Arkada≈üƒ±n ile birlikt‚Ä¶",,tr,,
"Haryana, India",8176,rt hi thierry have brilliant new week family palau de la musica catalana,,en,,2
espa√±a,8864,rt okupas nada detiene af√°n pero vamos liderar gran coalici√≥n,,es,,0
Calldetenes (Osona),798,rt imatges amb major nitidesa tiroteig sensesostre posen dubte,,ca,,2
,8054,rt un gu√†rdia civil blanqueja m√©s robats port barcelona,,ca,,0
Spain,1507,rt todo jos√©,,es,,1
"Barcelona, Spain",1946,#GetTheTaycan,,und,,
error 404,767,RT @deckerspectre: https://t.co/5s34gOaZSh https://t.co/5ObfrXenbH,,und,,
"Sevilla, Espa√±a",875,rt siempre puede ir all√° camino hacia gilipollismo urbanismo g√©nero renovar zonas,,es,,2
"Chennai, India",2282,rt universo valdano via griezzman gave interview valdano clarify latest information griezmann,,en,,2
"Vila Nova de Gaia, Portugal",83,Vai fazer hat trick hoje,,pt,,
Espa√±a,926,bonita quedando dentro todas motos desaparecer√°n,,es,,0
"Buenos Aires, Argentina",6757,probabilidad matem√°tica salir,,es,,1
,588,rt en cas sensesostre tirotejat barcelona fins caigui qui peti qui i hi,,ca,,0
"Stockholm, Sverige",67,RT @SvenskaFans: La Setmana Blaugrana √§r tillbaka och ger er det senaste om Barcelona #FCBarcelona #Bar√ßa #LaLiga @RubbaBaron https://t.co/‚Ä¶,,sv,,
Entre Mallorca i Catalunya ,405,rt duia bra√ß just abans fiqui darrera furgoneta veu clar m√†niga jaqueta lj,,ca,,0
barcelona,26,rt imatges amb major nitidesa tiroteig sensesostre posen dubte,,ca,,2
JAKARTA,17606,Penjelasan Antoine Griezmann Soal yang Sebenarnya Terjadi di Barcelona https://t.co/FtiSJfxrI5,,in,,
Sverige ,329,"@ClubSvezia Verkligen tr√•ngt p√• ert mittf√§lt, k√§nns inte s√• v√•r Hakan √§r en spelare som sl√•r sig in d√§r. V√§ldigt oj‚Ä¶ https://t.co/p7Jkwn4HlG",,sv,,
Barcelona,3044,rt esteu temps fer vostres propostes,,ca,,2
Indonesia,1945,Penjelasan Antoine Griezmann Soal yang Sebenarnya Terjadi di Barcelona https://t.co/usCu0JTAiU,,in,,
Barcelona,924,"Week 10: Atleti are La Liga title favs (or at least thereabouts). Simeone still a genius, F√©lix is better than Grie‚Ä¶ https://t.co/Rqng7ZV9q8",,ht,,
,315,üëáüí•üëáüí•üëá,,und,,
"San Luis Obispo, CA",3143,this important solid looks evidence covid infection hospitalization rates age,,en,"[[[-120.708511, 35.595413], [-120.708511, 35.666664], [-120.640069, 35.666664], [-120.640069, 35.595413]]]",2
"Seattle, WA",7164,uw medicine postponing many surgeries scheduled next month make,,en,"[[[-122.436232, 47.495315], [-122.436232, 47.734319], [-122.224973, 47.734319], [-122.224973, 47.495315]]]",2
"Arizona, USA",1561,well great legacy,,en,"[[[-178.443593, 18.86546], [-178.443593, 28.517269], [-154.755792, 28.517269], [-154.755792, 18.86546]]]",
AZ,687,hahahaha really think gonna take thanksgiving gtfo patrolling help,,en,"[[[-112.323914, 33.29026], [-112.323914, 33.815465], [-111.925439, 33.815465], [-111.925439, 33.29026]]]",2
tampico MX,1494,triste realidad presidente diciendo vamos bien,,es,"[[[-97.86013, 22.237664], [-97.86013, 22.328388], [-97.784943, 22.328388], [-97.784943, 22.237664]]]",0
"Jaipur, India",113,all money wasted covid tests regret using shopping dozens clothing,,en,"[[[75.497997, 26.800561], [75.497997, 27.018805], [75.997045, 27.018805], [75.997045, 26.800561]]]",2
,1596,we knew going get covid made,,en,"[[[-72.710598, 42.03108], [-72.710598, 42.102783], [-72.584948, 42.102783], [-72.584948, 42.03108]]]",2
Somewhere in Neverland,61,i probably love,,en,"[[[-122.498909, 45.460886], [-122.498909, 45.559395], [-122.367482, 45.559395], [-122.367482, 45.460886]]]",
"Sydney, Nova Scotia",67,the clear truth,,en,"[[[36.664573, -1.389053], [36.664573, -1.160674], [37.062667, -1.160674], [37.062667, -1.389053]]]",
"‡§ó‡•Å‡§∞‡§∏‡§π‡§æ‡§Ø‡§ó‡§Ç‡§ú, ‡§≠‡§æ‡§∞‡§§",460,bring down positivity rate under increase pm modi to cms via,,en,"[[[81.806609, 26.542945], [81.806609, 26.835731], [82.479626, 26.835731], [82.479626, 26.542945]]]",1
Barcelona - Eivissa,550,quiero volver madrizzzz,,es,"[[[2.052477, 41.317048], [2.052477, 41.468266], [2.229978, 41.468266], [2.229978, 41.317048]]]",2
"Livingston, NJ",1095,weak why say illegal cares act sue stop transfer,,en,"[[[-74.377326, 40.75774], [-74.377326, 40.818383], [-74.280592, 40.818383], [-74.280592, 40.75774]]]",0
"Guayaquil, Ecuador üá™üá® ",875,tierra mente vencer diestra siniestra lleva,,es,"[[[-80.467605, -3.063716], [-80.467605, -1.962274], [-79.714781, -1.962274], [-79.714781, -3.063716]]]",0
,766,great,,en,"[[[-112.93618, 49.620144], [-112.93618, 49.756615], [-112.756536, 49.756615], [-112.756536, 49.620144]]]",
"Barcelona, Catalu√±a",1988,many people perceive license pretend virus gone,,en,"[[[1.722105, 41.218715], [1.722105, 41.294696], [1.835002, 41.294696], [1.835002, 41.218715]]]",2
,265,middle managers real organistional absorbing,,en,"[[[-2.034105, 51.977226], [-2.034105, 53.616356], [0.357994, 53.616356], [0.357994, 51.977226]]]",2
,48,veeeennn,,es,"[[[-106.619116, 23.068553], [-106.619116, 23.867727], [-105.924379, 23.867727], [-105.924379, 23.068553]]]",2
Texas,185,so plan wait see many texans die wait vaccine the,,en,"[[[-95.823268, 29.522325], [-95.823268, 30.154665], [-95.069705, 30.154665], [-95.069705, 29.522325]]]",2
"Los Angeles, CA SAG/AFTRA ",63258,so thank your dad because fucking screwed only,,en,"[[[-118.668404, 33.704538], [-118.668404, 34.337041], [-118.155409, 34.337041], [-118.155409, 33.704538]]]",2
"Palau-solita i Plegamans, BCN",379,dos grandes peleadores,,es,"[[[2.052477, 41.317048], [2.052477, 41.468266], [2.229978, 41.468266], [2.229978, 41.317048]]]",0
,0,alienscreated,,en,"[[[-86.348441, 39.631677], [-86.348441, 39.927448], [-85.937404, 39.927448], [-85.937404, 39.631677]]]",2
,41,falso hipocrita,,es,"[[[2.052477, 41.317048], [2.052477, 41.468266], [2.229978, 41.468266], [2.229978, 41.317048]]]",0
"Bali, Indonesia",265,issue able leave transit time short,,en,"[[[115.185377, -8.746756], [115.185377, -8.66518], [115.266902, -8.66518], [115.266902, -8.746756]]]",2
Vancouver,4727,brentwood elementary school burnaby sent alert today exposure happened,,en,"[[[-123.224215, 49.19854], [-123.224215, 49.316738], [-123.022947, 49.316738], [-123.022947, 49.19854]]]",2
"Crenshaw, Los Angeles",175,me pops,,en,"[[[-118.668404, 33.704538], [-118.668404, 34.337041], [-118.155409, 34.337041], [-118.155409, 33.704538]]]",2
,654,tampoc meu i meva familla i,,ca,"[[[2.052477, 41.317048], [2.052477, 41.468266], [2.229978, 41.468266], [2.229978, 41.317048]]]",0
Some Place Alone,19934,so sending sweet potato pies i gotta mask,,en,"[[[-97.848463, 31.014356], [-97.848463, 31.144257], [-97.659217, 31.144257], [-97.659217, 31.014356]]]",2
"San Diego, CA",1,lady assaulted gay man bc mask min sniffed colognes macys fashion,,en,"[[[-117.282538, 32.53962], [-117.282538, 33.080404], [-116.92744, 33.080404], [-116.92744, 32.53962]]]",2
"Madrid, Comunidad de Madrid",2832,m√°s profesionales contin√∫an semana estudio seroprevalencia,,es,"[[[-3.889005, 40.312071], [-3.889005, 40.643518], [-3.51801, 40.643518], [-3.51801, 40.312071]]]",0
"Duri Riau Mandau, Indonesia",358,fix covid,,en,"[[[106.64701, -6.145006], [106.64701, -6.089734], [106.715088, -6.089734], [106.715088, -6.145006]]]",2
"Cleveland, OH",1471,i love woman xoxox,,en,"[[[-81.877771, 41.392684], [-81.877771, 41.599195], [-81.533163, 41.599195], [-81.533163, 41.392684]]]",1
"Barcelona, Catalunya",511,the,,en,"[[[1.360618, 41.192727], [1.360618, 42.323449], [2.77795, 42.323449], [2.77795, 41.192727]]]",2
Barcelona,86,ahir sense ser gran partit i tot i rival va veure altre tots corrien ning√∫ tran,,ca,"[[[2.052477, 41.317048], [2.052477, 41.468266], [2.229978, 41.468266], [2.229978, 41.317048]]]",2
Puducherry,839,around fishermen families moved relief camps they provided masks,,en,"[[[79.599774, 11.774197], [79.599774, 12.033405], [79.843263, 12.033405], [79.843263, 11.774197]]]",2
"Seoul, Orange County, Mokupuni o Hawai‚Äòi",1181,,,en,"[[[-157.950476, 21.254837], [-157.950476, 21.38505], [-157.648702, 21.38505], [-157.648702, 21.254837]]]",
Barcelona-Horta-Guinard√≥,1187,la diputada vasca beatriz favorita congreso nuevas generaciones pp v√≠a,,es,"[[[2.052477, 41.317048], [2.052477, 41.468266], [2.229978, 41.468266], [2.229978, 41.317048]]]",2
"Cali Born & Raised, In Houston",738,those dont want wear get think my heart goes,,en,"[[[-95.823268, 29.522325], [-95.823268, 30.154665], [-95.069705, 30.154665], [-95.069705, 29.522325]]]",2
"Manchester , UK",2292,fitted face masks designed struggle,,en,"[[[-2.137411, 53.405243], [-2.137411, 53.435286], [-2.060325, 53.435286], [-2.060325, 53.405243]]]",2
Barcelona-Horta-Guinard√≥,1187,la diputada vasca beatriz favorita congreso nuevas generaciones,,es,"[[[2.052477, 41.317048], [2.052477, 41.468266], [2.229978, 41.468266], [2.229978, 41.317048]]]",2
"darlo, sydney... GADIGAL LAND",4198,vicious voices scapegoated multiculturalism source covid wink nod,,en,"[[[150.520929, -34.118347], [150.520929, -33.578141], [151.343021, -33.578141], [151.343021, -34.118347]]]",2
"Munich, Bavaria",2280,remember happened last time ended eating charger cable,,en,"[[[11.360589, 48.061634], [11.360589, 48.248124], [11.722918, 48.248124], [11.722918, 48.061634]]]",2
Catalunya,184,tant camp grassot i gracia barcelona,POINT (2.16672453 41.40468875),ca,"[[[2.052477, 41.317048], [2.052477, 41.468266], [2.229978, 41.468266], [2.229978, 41.317048]]]",0
"Portland, OR",2062,barbara i covid i beat see biden nomination jill dance,,en,"[[[-122.790065, 45.421863], [-122.790065, 45.650941], [-122.471751, 45.650941], [-122.471751, 45.421863]]]",2
Madrid,19623,madre zapatero si sacan huesos aceituna lamebotas das,,es,"[[[-3.889005, 40.312071], [-3.889005, 40.643518], [-3.51801, 40.643518], [-3.51801, 40.312071]]]",0
Veracruz.,866,,,es,"[[[-96.150405, 19.054575], [-96.150405, 19.231626], [-96.047576, 19.231626], [-96.047576, 19.054575]]]",0
"Barcelona, Espa√±a",64,noticia tan buena gesti√≥n empresarial,,es,"[[[2.086323, 41.336062], [2.086323, 41.380548], [2.137433, 41.380548], [2.137433, 41.336062]]]",0
"Barcelona, Catalunya, Espa√±a",4100,por,,es,"[[[2.052477, 41.317048], [2.052477, 41.468266], [2.229978, 41.468266], [2.229978, 41.317048]]]",2
widnes,4271,on behalf millions died early bastard,,en,"[[[-2.784107, 53.341503], [-2.784107, 53.395284], [-2.697338, 53.395284], [-2.697338, 53.341503]]]",0
"Barcelona, Spain",32,very but,,en,"[[[2.057436, 41.276561], [2.057436, 41.348499], [2.146839, 41.348499], [2.146839, 41.276561]]]",2
,274,this for birthday thomas gave necklace hearts told like,,en,"[[[2.14799, 48.847674], [2.14799, 48.896051], [2.213262, 48.896051], [2.213262, 48.847674]]]",2
"Islamabad, Pakistan",140,covid took another member stay safe,,en,"[[[70.062759, 31.218052], [70.062759, 36.907585], [74.134729, 36.907585], [74.134729, 31.218052]]]",2
Les Franqueses del Vall√®s,437,avui tenim mercat per prevenir rebrots mascareta i,,ca,"[[[2.276032, 41.607439], [2.276032, 41.685635], [2.349322, 41.685635], [2.349322, 41.607439]]]",0
"54.97646,-1.602538",456,thanks cause i stand i truly appreciate organsations cool kind like,,en,"[[[-1.693792, 54.960055], [-1.693792, 55.024056], [-1.596931, 55.024056], [-1.596931, 54.960055]]]",1
"York, PA",8229,ur destroying lives many children u disgraceful piece how u live ur,,en,"[[[-80.519851, 39.719801], [-80.519851, 42.516072], [-74.689517, 42.516072], [-74.689517, 39.719801]]]",2
"Salt Lake City, UT",1105,just like cover songs higher covid numbers,,en,"[[[-111.928394, 40.686417], [-111.928394, 40.725919], [-111.871215, 40.725919], [-111.871215, 40.686417]]]",2
Brussels,12002,climate hits new record despite lockdowns,,en,"[[[5.974847, 50.662144], [5.974847, 50.85723], [6.218106, 50.85723], [6.218106, 50.662144]]]",2
"Champaign, IL",2405,he release taxes many the worse thing done,,en,"[[[-88.333161, 40.054674], [-88.333161, 40.160295], [-88.225277, 40.160295], [-88.225277, 40.054674]]]",2
Mumbai India,1331,purchase good quality face,,en,"[[[81.092702, 20.772981], [81.092702, 21.543301], [81.624789, 21.543301], [81.624789, 20.772981]]]",2
,1632,siguiendo negre abascal sueltas contradices,,es,"[[[2.052477, 41.317048], [2.052477, 41.468266], [2.229978, 41.468266], [2.229978, 41.317048]]]",0
,10,jo vaig flipar i disfrutar peti molt algun moment crack,,ca,"[[[2.206149, 41.408955], [2.206149, 41.434844], [2.238532, 41.434844], [2.238532, 41.408955]]]",0
"Berlin, MD",184,holy and wonder kept control need national mask mandate,,en,"[[[-79.487651, 37.886607], [-79.487651, 39.723622], [-74.986286, 39.723622], [-74.986286, 37.886607]]]",2
"Kansas City, MO",423,they said got covid nails,,en,"[[[-94.733122, 38.868002], [-94.733122, 39.332095], [-94.385441, 39.332095], [-94.385441, 38.868002]]]",2
"Badalona, URSS",12465,go,,en,"[[[2.052477, 41.317048], [2.052477, 41.468266], [2.229978, 41.468266], [2.229978, 41.317048]]]",2
My fortress-like compound,5085,in hyperbaric definitely buying,,en,"[[[-124.482003, 32.528832], [-124.482003, 42.009519], [-114.131212, 42.009519], [-114.131212, 32.528832]]]",2
"Hendersonville, TN",23543,so sad we need retrain police force use lethal force last,,en,"[[[-86.674887, 36.248263], [-86.674887, 36.366587], [-86.495313, 36.366587], [-86.495313, 36.248263]]]",2
"South Carolina, USA",41,my mom dad paid much us go polar express year i seen pictures santa face,,en,"[[[-83.353955, 32.04683], [-83.353955, 35.215449], [-78.499301, 35.215449], [-78.499301, 32.04683]]]",2
"Reno, Nevada",1788,update,,en,"[[[-119.953849, 39.350749], [-119.953849, 39.674123], [-119.700515, 39.674123], [-119.700515, 39.350749]]]",2
,973,nombre altre nombre hi infinites possibilitats mai veurem els c√†lculs s√≥n,,ca,"[[[2.187074, 41.433463], [2.187074, 41.47346], [2.222536, 41.47346], [2.222536, 41.433463]]]",0
"London, United Kingdom",138031,confirmed coronavirus cases increase,POINT (-0.12485951 51.50538967),en,"[[[-0.187894, 51.483718], [-0.187894, 51.516466], [-0.109978, 51.516466], [-0.109978, 51.483718]]]",2
"Barcelona, Espanya",445,km superf√≠cie,POINT (2.183333 41.383333),ca,"[[[2.052477, 41.317048], [2.052477, 41.468266], [2.229978, 41.468266], [2.229978, 41.317048]]]",1
"Los Angeles, California",33,people likely come closer contact family might,,en,"[[[-118.250227, 33.732905], [-118.250227, 33.885438], [-118.063194, 33.885438], [-118.063194, 33.732905]]]",2
Madrid | Barcelona (Spain),54,hoy sala a personalizaci√≥n relaci√≥n cliente nuevo reto,,es,"[[[2.052477, 41.317048], [2.052477, 41.468266], [2.229978, 41.468266], [2.229978, 41.317048]]]",1
"Tampa, FL",254261,√∫ltima hora coronavirus madrid plantea ampliar reuniones personas navidad,,es,"[[[-87.634643, 24.396308], [-87.634643, 31.001056], [-79.974307, 31.001056], [-79.974307, 24.396308]]]",1
"Los Angeles, CA",1463,back home city actually lockdown upset dispensaries closed,,en,"[[[-118.317804, 33.916377], [-118.317804, 33.931268], [-118.291514, 33.931268], [-118.291514, 33.916377]]]",2
"Barcelona, Spain",1694,bichota mood,,es,"[[[2.052477, 41.317048], [2.052477, 41.468266], [2.229978, 41.468266], [2.229978, 41.317048]]]",0
,44,i sick people claim rights refuse wear mask,,en,"[[[-81.046876, 35.001706], [-81.046876, 35.416412], [-80.646695, 35.416412], [-80.646695, 35.001706]]]",2
Stinky Boot,167,this even joke,,en,"[[[-72.88753, 41.396625], [-72.88753, 41.516538], [-72.746075, 41.516538], [-72.746075, 41.396625]]]",
"San Diego, CA",1,lady assaulted gay man bc mask min sniffed colognes macys,,en,"[[[-117.282538, 32.53962], [-117.282538, 33.080404], [-116.92744, 33.080404], [-116.92744, 32.53962]]]",2
"Berruguete, 126 - BARCELONA",714,alimara conecta hasta participantes virtuales asistentes,,es,"[[[2.14736, 41.433939], [2.14736, 41.433939], [2.14736, 41.433939], [2.14736, 41.433939]]]",0
"Sants, Barcelona, Catalunya ",1336,,,ca,"[[[2.052477, 41.317048], [2.052477, 41.468266], [2.229978, 41.468266], [2.229978, 41.317048]]]",0
"Branford, CT",922,more restaurants closed since beginning connecticut restaurant,,en,"[[[-72.864342, 41.248445], [-72.864342, 41.324367], [-72.731485, 41.324367], [-72.731485, 41.248445]]]",2
Paraguay,138,cierto,,es,"[[[-57.81535, -25.984291], [-57.81535, -25.108891], [-57.155006, -25.108891], [-57.155006, -25.984291]]]",0
Kampala Uganda,112,driwale assistant commisioner vaccines immunization registrar,,en,"[[[32.416623, 0.164853], [32.416623, 0.413682], [32.721697, 0.413682], [32.721697, 0.164853]]]",2
"Northfield, MN",2625,i guess i maaaaaybe mild cold course omg is it this not even,,en,"[[[-93.201231, 44.422625], [-93.201231, 44.47687], [-93.127284, 44.47687], [-93.127284, 44.422625]]]",2
"Reno, NV",624,just board members voted secondary students washoe county school district temporarily,,en,"[[[-119.953849, 39.350749], [-119.953849, 39.674123], [-119.700515, 39.674123], [-119.700515, 39.350749]]]",2
"Geneva, Switzerland",1424,thank guidance support worked african countries,,en,"[[[7.19246, 46.416068], [7.19246, 46.583965], [7.387162, 46.583965], [7.387162, 46.416068]]]",1
"Nairobi, Kenya",8688,imagine people dying last moments still believe hoax bc said tragic horrifying,,en,"[[[36.664573, -1.389053], [36.664573, -1.160674], [37.062667, -1.160674], [37.062667, -1.389053]]]",2
,168,covid spike delhi due to delhi covid situation international travel students,,en,"[[[72.80161, 19.16162], [72.80161, 19.593413], [73.03441, 19.593413], [73.03441, 19.16162]]]",2
,48,el debe considerarse contexto modelo ve s√≠ntomas,,es,"[[[-0.454832, 38.384924], [-0.454832, 38.427349], [-0.406641, 38.427349], [-0.406641, 38.384924]]]",0
,157,a merkel mirado v√≠deo muy vale pena,,es,"[[[2.052477, 41.317048], [2.052477, 41.468266], [2.229978, 41.468266], [2.229978, 41.317048]]]",1
"Ginebra, Suiza",2151,will see goes,,en,"[[[2.052477, 41.317048], [2.052477, 41.468266], [2.229978, 41.468266], [2.229978, 41.317048]]]",2
"Berruguete, 126 - BARCELONA",714,alimara conecta hasta participantes virtuales asistentes,,es,"[[[2.14736, 41.433939], [2.14736, 41.433939], [2.14736, 41.433939], [2.14736, 41.433939]]]",0
Barcelona - Alicante,35086,quit√°ndote ansiedad llevas,,es,"[[[2.052477, 41.317048], [2.052477, 41.468266], [2.229978, 41.468266], [2.229978, 41.317048]]]",0
"Barcelona, Espa√±a",401,bala ca√±on,,es,"[[[2.052477, 41.317048], [2.052477, 41.468266], [2.229978, 41.468266], [2.229978, 41.317048]]]",0
Bogot√° üìç,955,pasa,,es,"[[[-74.483289, 3.717432], [-74.483289, 4.807135], [-74.004053, 4.807135], [-74.004053, 3.717432]]]",2
,4552,interesting,,en,"[[[-123.478699, 48.433384], [-123.478699, 48.559067], [-123.262977, 48.559067], [-123.262977, 48.433384]]]",
,41,han tetodo independentista falsos,,es,"[[[2.052477, 41.317048], [2.052477, 41.468266], [2.229978, 41.468266], [2.229978, 41.317048]]]",0
Lahore / Chishtian,7275,this mindset nafisah shah this mindset whole,,en,"[[[69.328873, 27.708226], [69.328873, 34.019989], [75.382124, 34.019989], [75.382124, 27.708226]]]",2
"London, sadly not Gods County",1483,looks like prediction coming no vaccination international,,en,"[[[-0.254269, 51.379947], [-0.254269, 51.441804], [-0.124309, 51.441804], [-0.124309, 51.379947]]]",2
"Zhuji, Zhejiang, China",31,children super comfortable good quality,,en,"[[[117.998322, 27.14303], [117.998322, 31.176662], [122.65458, 31.176662], [122.65458, 27.14303]]]",1
"Washington Heights, Manhattan",589,mask on my,,en,"[[[-74.026675, 40.683935], [-74.026675, 40.877483], [-73.910408, 40.877483], [-73.910408, 40.683935]]]",2
"Barcelona, Espa√±a",345,el planeta llama roshar,,es,"[[[2.052477, 41.317048], [2.052477, 41.468266], [2.229978, 41.468266], [2.229978, 41.317048]]]",1
"Red Sea, Egypt",1867,,POINT (32.5491 29.9722),en,"[[[31.860555, 28.965008], [31.860555, 30.303674], [32.834287, 30.303674], [32.834287, 28.965008]]]",
,766,great,,en,"[[[-112.93618, 49.620144], [-112.93618, 49.756615], [-112.756536, 49.756615], [-112.756536, 49.620144]]]",
,1632,uno sigo endiosado refiriendose t√≠o sigue javier negre es,,es,"[[[2.052477, 41.317048], [2.052477, 41.468266], [2.229978, 41.468266], [2.229978, 41.317048]]]",0
Barcelona,496,gracias trabajazo hac√©is frliz ser parte familia yaq,,es,"[[[2.052477, 41.317048], [2.052477, 41.468266], [2.229978, 41.468266], [2.229978, 41.317048]]]",1
Huelva ,1939,empiece administrarse vacuna disminuir√°,,es,"[[[-6.905559, 37.296437], [-6.905559, 37.403855], [-6.752417, 37.403855], [-6.752417, 37.296437]]]",0
Wherever ,997,please resign take wretched government you,,en,"[[[-2.336433, 52.369428], [-2.336433, 52.38494], [-2.296028, 52.38494], [-2.296028, 52.369428]]]",2
Barcelona,269,a classe dels estan treballant els vius i per grups pintat els els,,ca,"[[[2.052477, 41.317048], [2.052477, 41.468266], [2.229978, 41.468266], [2.229978, 41.317048]]]",1
,41,son igualitos,,es,"[[[2.052477, 41.317048], [2.052477, 41.468266], [2.229978, 41.468266], [2.229978, 41.317048]]]",0
"Portsmouth, NH",2068,nhs covid death rate that astronomically high scary really,,en,"[[[-71.014742, 43.239714], [-71.014742, 43.378501], [-70.905946, 43.378501], [-70.905946, 43.239714]]]",0
Barcelona,83,verdad invenci√≥n,,es,"[[[2.052477, 41.317048], [2.052477, 41.468266], [2.229978, 41.468266], [2.229978, 41.317048]]]",2
,1411,se sienta en la mesa de ponerse hacer c√°lculos dejar t√≠o plasta cu√±ada,,es,"[[[-2.98601, 43.213654], [-2.98601, 43.290145], [-2.880325, 43.290145], [-2.880325, 43.213654]]]",0
San Juan del Puerto (Huelva),2651,empiece administrarse vacuna disminuir√°,,es,"[[[-6.905559, 37.296437], [-6.905559, 37.403855], [-6.752417, 37.403855], [-6.752417, 37.296437]]]",0
,822,street hb i vouch bad everywhere hb,,en,"[[[-118.082615, 33.628991], [-118.082615, 33.756093], [-117.91485, 33.756093], [-117.91485, 33.628991]]]",2
,91,,,en,"[[[-122.436232, 47.495315], [-122.436232, 47.734319], [-122.224973, 47.734319], [-122.224973, 47.495315]]]",
"Lynwood, CA",406,it sucks i seeing family thanksgiving possibly please pray,,en,"[[[-117.834663, 34.018283], [-117.834663, 34.112618], [-117.711171, 34.112618], [-117.711171, 34.018283]]]",2
"Barcelona, Espa√±a",12,no q ser est√©m criteri per favor,,es,"[[[2.052477, 41.317048], [2.052477, 41.468266], [2.229978, 41.468266], [2.229978, 41.317048]]]",0
,170,great demonstration minimise risk continue live life little,,en,"[[[-2.142873, 51.861864], [-2.142873, 51.930763], [-2.032676, 51.930763], [-2.032676, 51.861864]]]",1
,559,not helpful,,en,"[[[-122.790065, 45.421863], [-122.790065, 45.650941], [-122.471751, 45.650941], [-122.471751, 45.421863]]]",0
Nigeria,3923,if care may hit post covid manufacturing rush,,en,"[[[5.02008, 5.010849], [5.02008, 6.502068], [6.768461, 6.502068], [6.768461, 5.010849]]]",2
Barcelona,3193,vivimos sab√≠a coldplay nueva,,es,"[[[2.052477, 41.317048], [2.052477, 41.468266], [2.229978, 41.468266], [2.229978, 41.317048]]]",0
"Peace River, Alberta",337,i love loudest chirpers social ruining,,en,"[[[-120.001814, 56.245924], [-120.001814, 58.080828], [-116.914563, 58.080828], [-116.914563, 56.245924]]]",1
,556,seguro opinan mismo familiares fallecidos covid atendidos,,es,"[[[-3.80752, 40.202103], [-3.80752, 40.255894], [-3.733381, 40.255894], [-3.733381, 40.202103]]]",2
xanthophilia,625,beautiful ply premium mask available men we even headloop mask,,en,"[[[101.73111, 3.149887], [101.73111, 3.297668], [101.849109, 3.297668], [101.849109, 3.149887]]]",2
Islamabad,228,is,,en,"[[[73.022194, 33.662724], [73.022194, 33.762138], [73.131447, 33.762138], [73.131447, 33.662724]]]",2
Spain,19422,the covid recovery group threatens recovery covid the crg like,,en,"[[[0.153375, 40.203354], [0.153375, 40.393417], [0.32228, 40.393417], [0.32228, 40.203354]]]",2
"Hyderabad, India",532,new positive discharges no death reported till now,,en,"[[[78.426176, 17.234568], [78.426176, 17.495638], [78.770343, 17.495638], [78.770343, 17.234568]]]",1
,188,coraz√≥n quieren s√≥lo coraz√≥n francisco quevedo v√≠a,,es,"[[[2.086323, 41.336062], [2.086323, 41.380548], [2.137433, 41.380548], [2.137433, 41.336062]]]",2
Asturias,11900,espa√±a supera muertos da,,es,"[[[-5.948078, 43.553966], [-5.948078, 43.659232], [-5.76759, 43.659232], [-5.76759, 43.553966]]]",2
Asgardia,12972,y psicologico tambien,,es,"[[[2.086323, 41.336062], [2.086323, 41.380548], [2.137433, 41.380548], [2.137433, 41.336062]]]",0
"Badalona, Espanya",650,ni,,ca,"[[[2.211092, 41.42594], [2.211092, 41.492681], [2.270008, 41.492681], [2.270008, 41.42594]]]",0
Netherlands,151,south faroe russia us reported cases,,en,"[[[4.190347, 52.014871], [4.190347, 52.138865], [4.422444, 52.138865], [4.422444, 52.014871]]]",2
South West,55058,chancellor says planning but still using pandemic excuse,,en,"[[[-2.272842, 51.721517], [-2.272842, 51.769296], [-2.190976, 51.769296], [-2.190976, 51.721517]]]",2
Barcelona,123,ya levantarte ma√±ana ir hacer cola comisar√≠a poder,,es,"[[[1.999829, 41.415036], [1.999829, 41.519488], [2.129965, 41.519488], [2.129965, 41.415036]]]",2
venezuela,34,si entregara cuadro bicicleta medio criticarlo,,es,"[[[2.052477, 41.317048], [2.052477, 41.468266], [2.229978, 41.468266], [2.229978, 41.317048]]]",0
Gville ‚û°Ô∏è Ridgeland,1028,my mom virgo blueprint i stand female we get along,,en,"[[[-90.181179, 32.399351], [-90.181179, 32.459434], [-90.067498, 32.459434], [-90.067498, 32.399351]]]",2
"Malibu, CA",76,does research really support notion outdoor dining fueling spread,,en,"[[[-118.873235, 34.000405], [-118.873235, 34.04779], [-118.584559, 34.04779], [-118.584559, 34.000405]]]",2
"Barcelona, Espa√±a",729,gaudir aprenent i per construir,,ca,"[[[2.157388, 41.414316], [2.157388, 41.414316], [2.157388, 41.414316], [2.157388, 41.414316]]]",1
"Barcelona, Espa√±a",12,son mismos q defendieron,,es,"[[[2.052477, 41.317048], [2.052477, 41.468266], [2.229978, 41.468266], [2.229978, 41.317048]]]",0
,1307,odd deal deserve mention discussion finance situation given,,en,"[[[-6.036116, 54.543241], [-6.036116, 54.648497], [-5.82071, 54.648497], [-5.82071, 54.543241]]]",2
,67,mi t√≠o grave covid camas disponibles hospitalizar ox√≠geno tenia,,es,"[[[-83.051445, 7.20386], [-83.051445, 9.639486], [-77.13939, 9.639486], [-77.13939, 7.20386]]]",0
blackwood ni,234,santa want something used fits wallet,,en,"[[[-75.088811, 39.726424], [-75.088811, 39.852636], [-74.968468, 39.852636], [-74.968468, 39.726424]]]",2
,58727,aquest abandonament seva sort i aut√≤noms est√† essent percebut com desistiment,,ca,"[[[2.052477, 41.317048], [2.052477, 41.468266], [2.229978, 41.468266], [2.229978, 41.317048]]]",0
"Barcelona, Espa√±a",90,mis si gusta catalunya,,es,"[[[2.052477, 41.317048], [2.052477, 41.468266], [2.229978, 41.468266], [2.229978, 41.317048]]]",0
"Portland, OR",525,a relaxing exam paint sesh would gone my rendition,,en,"[[[-122.790065, 45.421863], [-122.790065, 45.650941], [-122.471751, 45.650941], [-122.471751, 45.421863]]]",2
Barcelona,1670,en hicieron interesante estudio a tener cuenta,,es,"[[[2.086323, 41.336062], [2.086323, 41.380548], [2.137433, 41.380548], [2.137433, 41.336062]]]",1
"Barcelona, Espa√±a",64,la periodista sansebastian tan derechista rictus cara,,es,"[[[2.086323, 41.336062], [2.086323, 41.380548], [2.137433, 41.380548], [2.137433, 41.336062]]]",0
"Gloucester, England",507,please read thread entirety,,en,"[[[-2.28129, 51.821982], [-2.28129, 51.884201], [-2.177545, 51.884201], [-2.177545, 51.821982]]]",2
Rep√∫blica Catalana,1068,donald,,en,"[[[2.052477, 41.317048], [2.052477, 41.468266], [2.229978, 41.468266], [2.229978, 41.317048]]]",2
"Barcelona, Espa√±a.",120,el render imitar,,es,"[[[2.052477, 41.317048], [2.052477, 41.468266], [2.229978, 41.468266], [2.229978, 41.317048]]]",2
,198,covidiots thinking smarter year,,en,"[[[-113.693259, 37.146358], [-113.693259, 37.188502], [-113.651627, 37.188502], [-113.651627, 37.146358]]]",
"Barcelona, Espa√±a",35,jajaja pilladas trampas,,es,"[[[2.052477, 41.317048], [2.052477, 41.468266], [2.229978, 41.468266], [2.229978, 41.317048]]]",0
"Broadstairs, England",61,liverpool find loophole covid rules salah returns days positive,,en,"[[[1.043809, 51.25326], [1.043809, 51.300251], [1.136462, 51.300251], [1.136462, 51.25326]]]",2
,644,um ok nvm three staff tested positive covid,,en,"[[[-156.359376, 20.804118], [-156.359376, 20.850458], [-156.318233, 20.850458], [-156.318233, 20.804118]]]",1
,52,brahmin left,,en,"[[[2.052477, 41.317048], [2.052477, 41.468266], [2.229978, 41.468266], [2.229978, 41.317048]]]",2
"Sacramento, CA",1326,family dead publix worker files lawsuit alleging grocery chain stopped wearing face,,en,"[[[-121.576613, 38.43792], [-121.576613, 38.685524], [-121.362715, 38.685524], [-121.362715, 38.43792]]]",2
United Kingdom,728,my daughter carer helped duty yesterday shovelling coal elderly ladies however got,,en,"[[[-1.1498, 51.222613], [-1.1498, 51.303039], [-1.039377, 51.303039], [-1.039377, 51.222613]]]",2
Barcelona,99,,,es,"[[[2.052477, 41.317048], [2.052477, 41.468266], [2.229978, 41.468266], [2.229978, 41.317048]]]",0
Barcelona,1670,puede salir iron√≠a modo on,,es,"[[[-18.160695, 27.63775], [-18.160695, 43.790388], [4.327985, 43.790388], [4.327985, 27.63775]]]",0
Australia,955,literally definition i heard,,en,"[[[152.668523, -27.767441], [152.668523, -26.996845], [153.31787, -26.996845], [153.31787, -27.767441]]]",2
"Warwick, RI",81647,he blocked safe act securing he blocked heroes act providing vital relief,,en,"[[[-71.518925, 41.629501], [-71.518925, 41.76838], [-71.354415, 41.76838], [-71.354415, 41.629501]]]",1
"Ankara, T√ºrkiye",171,negative depression positive,,en,"[[[32.783577, 39.957727], [32.783577, 40.043205], [32.900297, 40.043205], [32.900297, 39.957727]]]",0
Cardiff & Barcelona,483,massive good wondering embracing failure,,en,"[[[1.999829, 41.415036], [1.999829, 41.519488], [2.129965, 41.519488], [2.129965, 41.415036]]]",0
"El Paso, Texas ",2023,i speak others i tell i wear mask i sanitize,,en,"[[[-106.634874, 31.620668], [-106.634874, 31.966068], [-106.199987, 31.966068], [-106.199987, 31.620668]]]",2
,33,good hope,,en,"[[[-1.498746, 54.988178], [-1.498746, 55.067841], [-1.417312, 55.067841], [-1.417312, 54.988178]]]",
"Haverfordwest, Wales, UK",2215,sorry calling eventual us fatalities reach pandemic,,en,"[[[-5.00763, 51.784003], [-5.00763, 51.818157], [-4.952157, 51.818157], [-4.952157, 51.784003]]]",0
Parts Unknown,658,so i guess birthday alone since covid is a b,,en,"[[[-79.76259, 40.477383], [-79.76259, 45.015851], [-71.777492, 45.015851], [-71.777492, 40.477383]]]",2
"Pacifica, CA",424,who cares fraud mask hand sanitizer,,en,"[[[-122.515276, 37.565624], [-122.515276, 37.666566], [-122.442863, 37.666566], [-122.442863, 37.565624]]]",
East Midlands,594,not science whatever need right if get,,en,"[[[-1.408026, 53.068076], [-1.408026, 53.082102], [-1.379386, 53.082102], [-1.379386, 53.068076]]]",2
Barcelona,2844,reto bravo tocando horas seguidas pieza erik,,es,"[[[2.173606, 41.380713], [2.173606, 41.380713], [2.173606, 41.380713], [2.173606, 41.380713]]]",0
widnes,4271,the fbi hate trump cia hate trump china hate trump blm hate trump media hate,,en,"[[[-2.784107, 53.341503], [-2.784107, 53.395284], [-2.697338, 53.395284], [-2.697338, 53.341503]]]",0
Barcelona,19361,es demasiado doblar√≠a tiempo propio peso ser entablille,,es,"[[[2.086323, 41.336062], [2.086323, 41.380548], [2.137433, 41.380548], [2.137433, 41.336062]]]",2
Sevilla,2063,muy buenos noviembre fun nacido,,es,"[[[-6.02843, 37.313613], [-6.02843, 37.452783], [-5.81866, 37.452783], [-5.81866, 37.313613]]]",1
City of the fallen angels,966,and magically disappear,,en,"[[[-118.668404, 33.704538], [-118.668404, 34.337041], [-118.155409, 34.337041], [-118.155409, 33.704538]]]",2
"Sants, Barcelona, Catalunya ",1336,,,ca,"[[[2.052477, 41.317048], [2.052477, 41.468266], [2.229978, 41.468266], [2.229978, 41.317048]]]",0
"Frankfurt on the Main, Germany",1791,good morning coffee still wants,,en,"[[[7.976504, 49.929706], [7.976504, 50.009178], [8.137587, 50.009178], [8.137587, 49.929706]]]",2
"Milton, WV",389,the covid issue weak left wants gets shit together,,en,"[[[-82.530433, 38.375981], [-82.530433, 38.439347], [-82.349236, 38.439347], [-82.349236, 38.375981]]]",2
Barcelona,205,pues mirado ver si veia,,es,"[[[2.052477, 41.317048], [2.052477, 41.468266], [2.229978, 41.468266], [2.229978, 41.317048]]]",2
"Brentwood, TN",911,guess deaths,,en,"[[[-86.869446, 35.939893], [-86.869446, 36.05065], [-86.686525, 36.05065], [-86.686525, 35.939893]]]",2
"Stockholm, Sweden",14,crazy bill gates doesnt evan hide,,en,"[[[14.143556, 59.997217], [14.143556, 60.419603], [15.245579, 60.419603], [15.245579, 59.997217]]]",2
"Sydney, New South Wales",1702,surely parliamentary approval government fly private citizen world,,en,"[[[150.520929, -34.118347], [150.520929, -33.578141], [151.343021, -33.578141], [151.343021, -34.118347]]]",1
"Soweto, South Africa",117,deep,,en,"[[[27.751856, -26.512649], [27.751856, -26.039628], [28.18434, -26.039628], [28.18434, -26.512649]]]",2
,1416,your life depends,,en,"[[[-94.421887, 44.852448], [-94.421887, 44.914174], [-94.333293, 44.914174], [-94.333293, 44.852448]]]",2
Barcelona,205,pensado tren,,es,"[[[2.052477, 41.317048], [2.052477, 41.468266], [2.229978, 41.468266], [2.229978, 41.317048]]]",1
France,12263,news,,en,"[[[-5.141593, 41.364659], [-5.141593, 51.088771], [9.559831, 51.088771], [9.559831, 41.364659]]]",2
"Long Beach, CA",1444,gonna take mask friday cause working friday start coughing,,en,"[[[-118.250227, 33.732905], [-118.250227, 33.885438], [-118.063194, 33.885438], [-118.063194, 33.732905]]]",2
,526,,,en,"[[[-78.916774, 42.696345], [-78.916774, 42.789724], [-78.783331, 42.789724], [-78.783331, 42.696345]]]",
,41,luckily globalists make olympic event covid could received,,en,"[[[101.615161, 3.0332], [101.615161, 3.244548], [101.758774, 3.244548], [101.758774, 3.0332]]]",2
"Oceanside, CA",66,give people need help,,en,"[[[-117.399853, 33.152639], [-117.399853, 33.299993], [-117.241905, 33.299993], [-117.241905, 33.152639]]]",2
Barcelona,581,en propuesta lectura secci√≥n rinc√≥n edici√≥n noviembre,,es,"[[[2.052477, 41.317048], [2.052477, 41.468266], [2.229978, 41.468266], [2.229978, 41.317048]]]",1
"Faaborg, Denmark",13202,the story declining infection numbers still seeing high numbers deaths,,en,"[[[10.360546, 54.942943], [10.360546, 55.221741], [10.812611, 55.221741], [10.812611, 54.942943]]]",2
Barcelona,267,acaba publicar foto centre c√≠vic sagrada fam√≠lia,POINT (2.1765811 41.40589451),ca,"[[[2.052477, 41.317048], [2.052477, 41.468266], [2.229978, 41.468266], [2.229978, 41.317048]]]",0
,159,no pacto toledo ataque pensiones p√∫blicas,,es,"[[[2.052477, 41.317048], [2.052477, 41.468266], [2.229978, 41.468266], [2.229978, 41.317048]]]",0
"Oakland, California",458,a family story already way,,en,"[[[-84.057671, 9.926093], [-84.057671, 9.939167], [-84.039452, 9.939167], [-84.039452, 9.926093]]]",2
France,12263,news,,en,"[[[-5.141593, 41.364659], [-5.141593, 51.088771], [9.559831, 51.088771], [9.559831, 41.364659]]]",2
üá≥üá±,1813,,,en,"[[[5.727031, 52.073262], [5.727031, 52.285554], [6.078537, 52.285554], [6.078537, 52.073262]]]",
"Praha, ƒåesk√° republika",368,millions vaccines reach israel,,en,"[[[14.225243, 49.941904], [14.225243, 50.177256], [14.706508, 50.177256], [14.706508, 49.941904]]]",2
Barcelona,49,acaba publicar foto el spain,POINT (2.1907 41.4099),es,"[[[2.052477, 41.317048], [2.052477, 41.468266], [2.229978, 41.468266], [2.229978, 41.317048]]]",0
"Barcelona, Spain",10,que ganas probar hacer guapas gracias font m√†gica montju√Øc,POINT (2.15174586 41.37134962),ca,"[[[2.052477, 41.317048], [2.052477, 41.468266], [2.229978, 41.468266], [2.229978, 41.317048]]]",0
Chennai,489,superb when credit must well done covid,,en,"[[[80.234885, 12.970918], [80.234885, 13.077871], [80.288726, 13.077871], [80.288726, 12.970918]]]",1
,188,hospitalet llobregat,,es,"[[[2.086323, 41.336062], [2.086323, 41.380548], [2.137433, 41.380548], [2.137433, 41.336062]]]",0
,767,dem√† direm mar√ßal cccb,POINT (2.16659358 41.38367951),ca,"[[[2.052477, 41.317048], [2.052477, 41.468266], [2.229978, 41.468266], [2.229978, 41.317048]]]",1
,1632,se ve corto ibai culpa stock seg√∫n la gente crispadisima,,es,"[[[2.052477, 41.317048], [2.052477, 41.468266], [2.229978, 41.468266], [2.229978, 41.317048]]]",1
Catterick Garrison North Yorks,174,good morning how up early case courier collecting test comes bang,,en,"[[[-1.732625, 54.363015], [-1.732625, 54.383985], [-1.694359, 54.383985], [-1.694359, 54.363015]]]",2
Barcelona,205,feliz miercoles mayte,,es,"[[[2.052477, 41.317048], [2.052477, 41.468266], [2.229978, 41.468266], [2.229978, 41.317048]]]",0
France,12263,news,,en,"[[[-5.141593, 41.364659], [-5.141593, 51.088771], [9.559831, 51.088771], [9.559831, 41.364659]]]",2
,90,conditions almost dickensian covid pointed obvious flaws,,en,"[[[-6.387438, 53.298745], [-6.387438, 53.41106], [-6.107805, 53.41106], [-6.107805, 53.298745]]]",2
Espa√±a,63,no hacen otros podemos hacerlo d√≠as sientes,,es,"[[[2.052477, 41.317048], [2.052477, 41.468266], [2.229978, 41.468266], [2.229978, 41.317048]]]",2
"Rosario, Argentina",1076,sacando covid feo asi pegados calor chances,,es,"[[[-60.781306, -33.033993], [-60.781306, -32.869238], [-60.613506, -32.869238], [-60.613506, -33.033993]]]",0
"Cincinnati, OH",111,the us big mainly americans masking,,en,"[[[-84.710722, 39.052962], [-84.710722, 39.221114], [-84.368903, 39.221114], [-84.368903, 39.052962]]]",2
Barcelona,205,buen dia fela,,es,"[[[2.052477, 41.317048], [2.052477, 41.468266], [2.229978, 41.468266], [2.229978, 41.317048]]]",1
"Ginebra, Suiza",2151,the story says schmidt cyprus i pretty sure would shy away saying,,en,"[[[2.052477, 41.317048], [2.052477, 41.468266], [2.229978, 41.468266], [2.229978, 41.317048]]]",2
,159,sanidad p√∫blica calidad,,es,"[[[2.052477, 41.317048], [2.052477, 41.468266], [2.229978, 41.468266], [2.229978, 41.317048]]]",0
Chennai,89,friends helpline whatsapp helpline,,en,"[[[80.1852, 13.041717], [80.1852, 13.091511], [80.271212, 13.091511], [80.271212, 13.041717]]]",
Los Angeles,830,i am trying very hard to keep four senior citizens please help me by staying home and zooming for a few,,en,"[[[-118.668404, 33.704538], [-118.668404, 34.337041], [-118.155409, 34.337041], [-118.155409, 33.704538]]]",2
"Barcelona, Spain",1232,el balanceo carga vital si quer√©is poder cargar necesidad aumentar potencia,,es,"[[[2.052477, 41.317048], [2.052477, 41.468266], [2.229978, 41.468266], [2.229978, 41.317048]]]",0
"San Diego, California",718,h i,,en,"[[[-117.282538, 32.53962], [-117.282538, 33.080404], [-116.92744, 33.080404], [-116.92744, 32.53962]]]",2
"Auckland, New Zealand",735,managing covid multi australian state victoria good job lockdown,,en,"[[[174.161834, -37.292621], [174.161834, -35.898837], [175.550653, -35.898837], [175.550653, -37.292621]]]",2
"Hyderabad, India",532,new recoveries deaths reported state till now total,,en,"[[[78.426176, 17.234568], [78.426176, 17.495638], [78.770343, 17.495638], [78.770343, 17.234568]]]",2
BARCELONA,1492,cap laberint novembre km parc laberint,POINT (2.14559913 41.44035316),ca,"[[[2.052477, 41.317048], [2.052477, 41.468266], [2.229978, 41.468266], [2.229978, 41.317048]]]",0
Catalunya,1642,preparada per trucada in sant,POINT (2.07142226 41.45769145),ca,"[[[1.999829, 41.415036], [1.999829, 41.519488], [2.129965, 41.519488], [2.129965, 41.415036]]]",0
BARCELONA,1492,cap laberint novembre km parc laberint,POINT (2.14559913 41.44035316),ca,"[[[2.052477, 41.317048], [2.052477, 41.468266], [2.229978, 41.468266], [2.229978, 41.317048]]]",0
"46.869100,103.848242",913,uk secures two million moderna jabs new vaccine minister appointed,POINT (-4.309626 55.852472),en,"[[[-4.393285, 55.796184], [-4.393285, 55.920421], [-4.090218, 55.920421], [-4.090218, 55.796184]]]",2
Barcelona-Madrid,222,,POINT (2.1683 41.3894),en,"[[[2.052477, 41.317048], [2.052477, 41.468266], [2.229978, 41.468266], [2.229978, 41.317048]]]",
Lara,424,c√≥mo disfruto spain,POINT (2.1683 41.3894),es,"[[[2.052477, 41.317048], [2.052477, 41.468266], [2.229978, 41.468266], [2.229978, 41.317048]]]",1
Windhoek,326,keep keeping god watching namibia,POINT (17.0836 -22.57),en,"[[[11.601627, -28.96939], [11.601627, -16.963447], [25.262676, -16.963447], [25.262676, -28.96939]]]",2
"Nottingham, England",1707,caught covid second time weeks ago today marks end how better,POINT (-1.1453 52.9492),en,"[[[-1.250136, 52.921473], [-1.250136, 53.017965], [-1.094396, 53.017965], [-1.094396, 52.921473]]]",2
"Madrid, Comunidad de Madrid",374,detalles mascarilla aros anillo segundo,POINT (-3.68333 40.4),es,"[[[-3.889005, 40.312071], [-3.889005, 40.643518], [-3.51801, 40.643518], [-3.51801, 40.312071]]]",0
Espa√±a .La Manga del Mar Menor,12449,ilegales entran muchisimos avion entran bar,POINT (-0.71745951 37.65040937),es,"[[[-1.225551, 37.533889], [-1.225551, 37.731143], [-0.688067, 37.731143], [-0.688067, 37.533889]]]",0
,2658,covid mundo a noviembre de colombia,POINT (-73.916667 3.816667),es,"[[[-74.416384, 3.669929], [-74.416384, 3.983609], [-73.728713, 3.983609], [-73.728713, 3.669929]]]",2
Pottsylvania,99,street art la dreta de,POINT (2.1674136 41.3872996),ca,"[[[2.052477, 41.317048], [2.052477, 41.468266], [2.229978, 41.468266], [2.229978, 41.317048]]]",1
,2658,covid colombia nuevos fallecidos diarios a noviembre de colombia,POINT (-73.916667 3.816667),es,"[[[-74.416384, 3.669929], [-74.416384, 3.983609], [-73.728713, 3.983609], [-73.728713, 3.669929]]]",0
"Southend-on-Sea, UK",9328,couple fined driving wales give christmas presents,POINT (0.6650871900000001 51.54717027),en,"[[[0.624134, 51.522076], [0.624134, 51.576801], [0.818367, 51.576801], [0.818367, 51.522076]]]",2
,2658,covid nuevos casos diarios a noviembre colombia,POINT (-73.916667 3.816667),es,"[[[-74.416384, 3.669929], [-74.416384, 3.983609], [-73.728713, 3.983609], [-73.728713, 3.669929]]]",0
Barcelona,96,hostafrancs,POINT (2.14388973 41.37532971),es,"[[[2.052477, 41.317048], [2.052477, 41.468266], [2.229978, 41.468266], [2.229978, 41.317048]]]",2
BARCELONA,60,ayer arc bcn cierren,POINT (2.1683 41.3894),es,"[[[2.052477, 41.317048], [2.052477, 41.468266], [2.229978, 41.468266], [2.229978, 41.317048]]]",0
,96,primera vez calendario nervios llegue d√≠a muchas gracias cu√±adita,POINT (2.1162 41.3684),es,"[[[2.086323, 41.336062], [2.086323, 41.380548], [2.137433, 41.380548], [2.137433, 41.336062]]]",2
"Barcelona, Espa√±a",29179,happy sunny sunday el farr√≥,POINT (2.14653194 41.4033669),en,"[[[2.052477, 41.317048], [2.052477, 41.468266], [2.229978, 41.468266], [2.229978, 41.317048]]]",1
"Barcelona, Catalonia",161,seaside the kooks macba museu contemporani barcelona,POINT (2.16675282 41.3830878),ca,"[[[2.052477, 41.317048], [2.052477, 41.468266], [2.229978, 41.468266], [2.229978, 41.317048]]]",1
"Barcelona, Catalu√±a",3560,sweet spanish masseuse offers nuru massage,POINT (2.133314 41.384445),en,"[[[2.052477, 41.317048], [2.052477, 41.468266], [2.229978, 41.468266], [2.229978, 41.317048]]]",2
"Conyers, GA",162,we located dogwood ga wear mask social distance,POINT (-83.8626 33.5146),en,"[[[-85.605166, 30.355644], [-85.605166, 35.000771], [-80.742567, 35.000771], [-80.742567, 30.355644]]]",2
People's Republic of China,11,winter mask ear warmer winter gift usa,POINT (109.97505 -7.71778),en,"[[[109.937379, -7.787904], [109.937379, -7.697346], [110.023183, -7.697346], [110.023183, -7.787904]]]",1
Barcelona,1069,just posted photo spain,POINT (2.1683 41.3894),en,"[[[2.052477, 41.317048], [2.052477, 41.468266], [2.229978, 41.468266], [2.229978, 41.317048]]]",2
"Bozeman, Montana",20057,with restrictions officials worry skiers heading backcountry,POINT (-111.07427917 45.67070719),en,"[[[-111.185677, 45.625349], [-111.185677, 45.750351], [-110.980181, 45.750351], [-110.980181, 45.625349]]]",2
Catalunya,1642,diumenge pesant figues i encara hem dinat in sant,POINT (2.07142226 41.45769145),ca,"[[[1.999829, 41.415036], [1.999829, 41.519488], [2.129965, 41.519488], [2.129965, 41.415036]]]",0
"Rochdale, England",1036,this far funds could stretch year merry covid the ring light doubling,POINT (-2.157 53.6106),en,"[[[-2.228709, 53.560058], [-2.228709, 53.658702], [-2.077293, 53.658702], [-2.077293, 53.560058]]]",2
Catalunya,1642,fa aniversaris n√∫meros i aquest any nom√©s ajornem aviso in sant,POINT (2.07142226 41.45769145),ca,"[[[1.999829, 41.415036], [1.999829, 41.519488], [2.129965, 41.519488], [2.129965, 41.415036]]]",0
barcelona ,198,este domingo desde las pierdas llega temprano solo,POINT (2.1683 41.3894),es,"[[[2.052477, 41.317048], [2.052477, 41.468266], [2.229978, 41.468266], [2.229978, 41.317048]]]",0
,321,per damunt tots i sempre bar√ßa per molts camp nou,POINT (2.12235415 41.3809291),ca,"[[[2.052477, 41.317048], [2.052477, 41.468266], [2.229978, 41.468266], [2.229978, 41.317048]]]",2
Espa√±a,32,ambiente navide√±o sant cugat vall√®s,POINT (2.0852 41.4706),ca,"[[[1.999829, 41.415036], [1.999829, 41.519488], [2.129965, 41.519488], [2.129965, 41.415036]]]",0
"London, NW1 1UN",1498,wondering today feeling nostalgic pre covid days working office,POINT (-0.1264005 51.53603086),en,"[[[-0.213503, 51.512805], [-0.213503, 51.572068], [-0.105303, 51.572068], [-0.105303, 51.512805]]]",2
"Seattle, WA",726,anys museo de camp nou,POINT (2.15155686 41.3840816),ca,"[[[2.052477, 41.317048], [2.052477, 41.468266], [2.229978, 41.468266], [2.229978, 41.317048]]]",1
Catalunya,1642,si poses cara senyor seri√≥s tothom m√©s agafes √©s,POINT (2.07142226 41.45769145),ca,"[[[1.999829, 41.415036], [1.999829, 41.519488], [2.129965, 41.519488], [2.129965, 41.415036]]]",0
Estoy Barcelona. Soy de Madrid,92,acaba publicar foto en mi casa,POINT (2.18304021 41.43277222),es,"[[[2.052477, 41.317048], [2.052477, 41.468266], [2.229978, 41.468266], [2.229978, 41.317048]]]",2
London,15735,covid deliveroo drivers waiting hatch chippie sutton sons essex road,POINT (-0.08938778999999999 51.54432184),en,"[[[-0.142058, 51.518552], [-0.142058, 51.575301], [-0.076305, 51.575301], [-0.076305, 51.518552]]]",2
,245,acaba publicar foto horta,POINT (2.16194444 41.42944444),es,"[[[2.052477, 41.317048], [2.052477, 41.468266], [2.229978, 41.468266], [2.229978, 41.317048]]]",0
"Pittsburgh, PA",195,her sister big covid this little girl grateful,POINT (-80.18444443999999 40.53638889),en,"[[[-80.193281, 40.531506], [-80.193281, 40.550762], [-80.154662, 40.550762], [-80.154662, 40.531506]]]",2
"Barcelona, Spain",76,just posted photo spain,POINT (2.1683 41.3894),en,"[[[2.052477, 41.317048], [2.052477, 41.468266], [2.229978, 41.468266], [2.229978, 41.317048]]]",2
,549,annual trips surigao every christmas break i hate u throwback post,POINT (125.58333333 9.699999999999999),en,"[[[125.522722, 9.642256], [125.522722, 9.815231], [125.740725, 9.815231], [125.740725, 9.642256]]]",2
"Foz do Igua√ßu, Brasil",1235,all i ever wanted was cura da em foz do igua√ßu,POINT (-54.5581 -25.5183),es,"[[[-54.619501, -25.695489], [-54.619501, -25.212313], [-54.294691, -25.212313], [-54.294691, -25.695489]]]",0
Catalunya  ,2938,at trencal√≤s in espa√±a,POINT (2.13632 41.380424),ca,"[[[2.052477, 41.317048], [2.052477, 41.468266], [2.229978, 41.468266], [2.229978, 41.317048]]]",0
Catalunya,1642,a dinaaaaaar in sant,POINT (2.07142226 41.45769145),ca,"[[[1.999829, 41.415036], [1.999829, 41.519488], [2.129965, 41.519488], [2.129965, 41.415036]]]",1
"Viladecans, Espanya",330,enguany amb mascareta i sense fer junts sempre,POINT (2.02181 41.31674),ca,"[[[1.988241, 41.270326], [1.988241, 41.337687], [2.07465, 41.337687], [2.07465, 41.270326]]]",0
"Kansas City, MO",793,quick selfie face mask,POINT (-94.5809 39.1022),en,"[[[-94.733122, 38.868002], [-94.733122, 39.332095], [-94.385441, 39.332095], [-94.385441, 38.868002]]]",2
"Corrientes, Argentina",239,parte oficial situaci√≥n,POINT (-58.8445 -27.4748),es,"[[[-58.855973, -27.537017], [-58.855973, -27.437049], [-58.736291, -27.437049], [-58.736291, -27.537017]]]",2
cleveland ohio,1136,browns sunday scalpers dine takeout delivery available ubereats doordash grubhub gift cards,POINT (-81.47352914 41.51985212),en,"[[[-81.474912, 41.500849], [-81.474912, 41.533113], [-81.43201, 41.533113], [-81.43201, 41.500849]]]",2
Ireland | Scotland | Inuit | Skandinavien,1478,fighting expert says irish people need test subjects prove spread a,POINT (-73.56725453 45.75975883),en,"[[[-73.700164, 45.716103], [-73.700164, 45.821364], [-73.526116, 45.821364], [-73.526116, 45.716103]]]",2
Ireland | Scotland | Inuit | Skandinavien,1478,fighting irish troops serving kosovo test positive kfor,POINT (-73.56725453 45.75975883),en,"[[[-73.700164, 45.716103], [-73.700164, 45.821364], [-73.526116, 45.821364], [-73.526116, 45.716103]]]",2
"Viladecans, Espanya",330,enguany amb mascareta i sense poder junts sempre,POINT (2.02181 41.31674),ca,"[[[1.988241, 41.270326], [1.988241, 41.337687], [2.07465, 41.337687], [2.07465, 41.270326]]]",0
"London, United Kingdom",137984,must analyse crowd limits attend church,POINT (-0.12485951 51.50538967),en,"[[[-0.187894, 51.483718], [-0.187894, 51.516466], [-0.109978, 51.516466], [-0.109978, 51.483718]]]",2
Sant Cugat del Valles,282,acaba publicar foto parc serralada marina,POINT (2.22207801 41.44128726),es,"[[[2.211092, 41.42594], [2.211092, 41.492681], [2.270008, 41.492681], [2.270008, 41.42594]]]",0
"Devon, UK",3506,devon school confirms positive coronavirus case,POINT (-4.14238416 50.37973537),en,"[[[-4.203701, 50.360251], [-4.203701, 50.444179], [-4.082159, 50.444179], [-4.082159, 50.360251]]]",2
"Foz do Igua√ßu, Brasil",1235,all i ever wanted was cura da em foz do igua√ßu,POINT (-54.5581 -25.5183),es,"[[[-54.619501, -25.695489], [-54.619501, -25.212313], [-54.294691, -25.212313], [-54.294691, -25.695489]]]",0
,142,de tiempos subrayaba parque lineal manzanares,POINT (-3.67544167 40.35550556),es,"[[[-3.889005, 40.312071], [-3.889005, 40.643518], [-3.51801, 40.643518], [-3.51801, 40.312071]]]",1
"Manhattan, Ny 10036.",454,i william mccullough newyork city usa got my mask beautiful day king ace,POINT (-73.99112517 40.7588419),en,"[[[-74.026675, 40.683935], [-74.026675, 40.877483], [-73.910408, 40.877483], [-73.910408, 40.683935]]]",2
"Mississauga, L5K 1J7",1080,join us supporting women they tremendous pressure need ever given,POINT (-79.65000000000001 43.6),en,"[[[-79.810142, 43.373074], [-79.810142, 43.737414], [-79.422004, 43.737414], [-79.422004, 43.373074]]]",2
"Barcelona, Catalunya",2190,phenomena from russia love barcelona,POINT (2.1717253 41.409134),en,"[[[2.052477, 41.317048], [2.052477, 41.468266], [2.229978, 41.468266], [2.229978, 41.317048]]]",1
"New York, NY",502,nearly half schools globally basic affecting million,POINT (-73.9675 40.7779),en,"[[[-74.026675, 40.683935], [-74.026675, 40.877483], [-73.910408, 40.877483], [-73.910408, 40.683935]]]",2
Barcelona,312,,POINT (2.17088353 41.39685865),ca,"[[[2.052477, 41.317048], [2.052477, 41.468266], [2.229978, 41.468266], [2.229978, 41.317048]]]",0
Little Rock,83,the holidays love see carter miller hillcrest,POINT (-92.33177000000001 34.76253),en,"[[[-92.521595, 34.62595], [-92.521595, 34.817822], [-92.163049, 34.817822], [-92.163049, 34.62595]]]",1
Sant Vicen√ß dels Horts ,282,camp nou,POINT (2.12235415 41.3809291),ca,"[[[2.052477, 41.317048], [2.052477, 41.468266], [2.229978, 41.468266], [2.229978, 41.317048]]]",0
Barcelona (Catalunya) ,799,√©s temporada sant gervasi galvany,POINT (2.1839538 41.39612084),ca,"[[[2.052477, 41.317048], [2.052477, 41.468266], [2.229978, 41.468266], [2.229978, 41.317048]]]",0
BARCELONA,60,reportan respecto post anterior cierren,POINT (2.1683 41.3894),es,"[[[2.052477, 41.317048], [2.052477, 41.468266], [2.229978, 41.468266], [2.229978, 41.317048]]]",0
Manila,158,long weekend family kiddos first time go protected plamedi aviche air tamer,POINT (120.93619541 14.10296276),en,"[[[120.885266, 14.077968], [120.885266, 14.152788], [121.039975, 14.152788], [121.039975, 14.077968]]]",2
Scotland,4363,rip dave man behind famous mask movie my time favourite movie,POINT (-4.259 55.858),en,"[[[-4.393285, 55.796184], [-4.393285, 55.920421], [-4.090218, 55.920421], [-4.090218, 55.796184]]]",2
"Buenos Aires, Argentina",3362,rinde homenaje sos enorme camp nou,POINT (2.15231 41.36636),es,"[[[2.052477, 41.317048], [2.052477, 41.468266], [2.229978, 41.468266], [2.229978, 41.317048]]]",1
BARCELONA,60,reports cierren,POINT (2.1683 41.3894),es,"[[[2.052477, 41.317048], [2.052477, 41.468266], [2.229978, 41.468266], [2.229978, 41.317048]]]",0
Barcelona ,188,avui arrivat fins castell montjuic,POINT (2.16611111 41.36333333),ca,"[[[2.052477, 41.317048], [2.052477, 41.468266], [2.229978, 41.468266], [2.229978, 41.317048]]]",0
Ireland | Scotland | Inuit | Skandinavien,1478,fighting westmeath has had a drop in its incidence a public health expert says,POINT (-73.56725453 45.75975883),en,"[[[-73.700164, 45.716103], [-73.700164, 45.821364], [-73.526116, 45.821364], [-73.526116, 45.716103]]]",2
Ireland | Scotland | Inuit | Skandinavien,1478,fighting coronavirus vaccinations could begin early next the ireland thinks,POINT (-73.56725453 45.75975883),en,"[[[-73.700164, 45.716103], [-73.700164, 45.821364], [-73.526116, 45.821364], [-73.526116, 45.716103]]]",2
In middle of nowhere,67,just posted photo platja pont petroli,POINT (2.2463876 41.44091415),ca,"[[[2.211092, 41.42594], [2.211092, 41.492681], [2.270008, 41.492681], [2.270008, 41.42594]]]",0
"Fontana Dam, North Carolina",782,fontana perfect place social distance our large fireplace lobby makes great,POINT (-83.80948600000001 35.3276129),en,"[[[-84.321948, 33.752879], [-84.321948, 36.588118], [-75.40012, 36.588118], [-75.40012, 33.752879]]]",1
"Catalu√±a, Espa√±a",4603,escorts kisses do want know check girls offering,POINT (2.133314 41.384445),en,"[[[2.052477, 41.317048], [2.052477, 41.468266], [2.229978, 41.468266], [2.229978, 41.317048]]]",2
"Conyers, GA",162,come among believers jesus christ sundays am worship service we follow,POINT (-83.8626 33.5146),en,"[[[-85.605166, 30.355644], [-85.605166, 35.000771], [-80.742567, 35.000771], [-80.742567, 30.355644]]]",2
Barcelona,1912,u b l e,POINT (2.1683 41.3894),en,"[[[2.052477, 41.317048], [2.052477, 41.468266], [2.229978, 41.468266], [2.229978, 41.317048]]]",
Entre acordes y latidos üé∂üíì,1128,castell de barcelona,POINT (2.16979979 41.38547589),ca,"[[[2.052477, 41.317048], [2.052477, 41.468266], [2.229978, 41.468266], [2.229978, 41.317048]]]",2
Africa,398,lockdown let no stinking covid,POINT (-4.27205354 50.62975726),en,"[[[-6.368504, 49.882472], [-6.368504, 52.112542], [-1.485734, 52.112542], [-1.485734, 49.882472]]]",2
"Suffolk, UK",5214,what coronavirus infection rates,POINT (1.15217943 52.05427797),en,"[[[1.106876, 52.023536], [1.106876, 52.090691], [1.21645, 52.090691], [1.21645, 52.023536]]]",2
"Westminster, UK",1776,how many coronavirus cases use tool find,POINT (-0.12450144 51.50013926),en,"[[[-0.187894, 51.483718], [-0.187894, 51.516466], [-0.109978, 51.516466], [-0.109978, 51.483718]]]",2
"Barcelona, Spain",6,anyone experiences ride ùêàùêçùêÖùêé ùêëùêÑùêíùêÑùêëùêïùêÄùêìùêàùêéùêç,POINT (2.15901 41.37826),en,"[[[2.052477, 41.317048], [2.052477, 41.468266], [2.229978, 41.468266], [2.229978, 41.317048]]]",2
90047,283,sharp family bring friend worship please wear mask ez teez u now,POINT (-118.17883 33.8743),en,"[[[-118.250227, 33.732905], [-118.250227, 33.885438], [-118.063194, 33.885438], [-118.063194, 33.732905]]]",1
Honduras,160,el diego camp nou,POINT (2.12235415 41.3809291),ca,"[[[2.052477, 41.317048], [2.052477, 41.468266], [2.229978, 41.468266], [2.229978, 41.317048]]]",0
,138,la cruz sant geroni de la murtra,POINT (2.24107 41.45939),ca,"[[[2.211092, 41.42594], [2.211092, 41.492681], [2.270008, 41.492681], [2.270008, 41.42594]]]",0
"Ondara, Espa√±a",63,espa√±a,POINT (2.1683 41.3894),es,"[[[2.052477, 41.317048], [2.052477, 41.468266], [2.229978, 41.468266], [2.229978, 41.317048]]]",0
,138,antiguo sant geroni de la murtra,POINT (2.24107 41.45939),es,"[[[2.211092, 41.42594], [2.211092, 41.492681], [2.270008, 41.492681], [2.270008, 41.42594]]]",0
Spain,212,click senior statistical programmer ct,POINT (2.1609876 41.3847326),en,"[[[2.052477, 41.317048], [2.052477, 41.468266], [2.229978, 41.468266], [2.229978, 41.317048]]]",2
,138,sant geroni de la murtra,POINT (2.24107 41.45939),ca,"[[[2.211092, 41.42594], [2.211092, 41.492681], [2.270008, 41.492681], [2.270008, 41.42594]]]",0
"El Raval, Barcelona",1214,acaba publicar foto platja nova ic√†ria,POINT (2.20180556 41.39033333),ca,"[[[2.052477, 41.317048], [2.052477, 41.468266], [2.229978, 41.468266], [2.229978, 41.317048]]]",0
Entre Cuenca y Castelldefels,1951,acaba publicar foto camp nou,POINT (2.12235415 41.3809291),ca,"[[[2.052477, 41.317048], [2.052477, 41.468266], [2.229978, 41.468266], [2.229978, 41.317048]]]",0
Arrecifes ,2439,acaba publicar video spain,POINT (2.1683 41.3894),es,"[[[2.052477, 41.317048], [2.052477, 41.468266], [2.229978, 41.468266], [2.229978, 41.317048]]]",0
USA,78,help hurting covid send donation paypal,POINT (-75.24589777 39.95304325),en,"[[[-75.280284, 39.871811], [-75.280284, 40.13792], [-74.955712, 40.13792], [-74.955712, 39.871811]]]",2
"√úT: 41.776915,-87.745101",1065,smiling mask today good day,POINT (-87.59223928 41.77951268),en,"[[[-87.940033, 41.644102], [-87.940033, 42.023067], [-87.523993, 42.023067], [-87.523993, 41.644102]]]",1
Barcelona (Catalunya) ,799,tortell nata i sares i xocolata pastisseria,POINT (2.15296 41.38113),ca,"[[[2.052477, 41.317048], [2.052477, 41.468266], [2.229978, 41.468266], [2.229978, 41.317048]]]",0
"Fairfax, VA",204,do love cvs health join pharmacist covid vaccine support,POINT (-77.2872728 38.9960747),en,"[[[-83.67529, 36.540739], [-83.67529, 39.466012], [-75.16644, 39.466012], [-75.16644, 36.540739]]]",1
Barcelona,2149,acaba publicar foto spain,POINT (2.1683 41.3894),es,"[[[2.052477, 41.317048], [2.052477, 41.468266], [2.229978, 41.468266], [2.229978, 41.317048]]]",0
Barcelona ,17761,en spain,POINT (2.1683 41.3894),en,"[[[2.052477, 41.317048], [2.052477, 41.468266], [2.229978, 41.468266], [2.229978, 41.317048]]]",2
Barcelona,870,i mar barcelona,POINT (2.20244361 41.40005417),ca,"[[[2.052477, 41.317048], [2.052477, 41.468266], [2.229978, 41.468266], [2.229978, 41.317048]]]",1
"Barquisimeto, Venezuela",290,simplemente amo se√±or deporte mas hermoso mundo camp nou,POINT (2.12235415 41.3809291),es,"[[[2.052477, 41.317048], [2.052477, 41.468266], [2.229978, 41.468266], [2.229978, 41.317048]]]",1
,29,never understand saying gets easier the emptiness left behind seems,POINT (-117.124 33.5033),en,"[[[-117.184394, 33.447541], [-117.184394, 33.554501], [-117.054639, 33.554501], [-117.054639, 33.447541]]]",2
BARCELONA,60,p√°salo cierren,POINT (2.1162 41.3684),es,"[[[2.086323, 41.336062], [2.086323, 41.380548], [2.137433, 41.380548], [2.137433, 41.336062]]]",1
"Timmins, Ontario",1702,province reports confirmed cases today,POINT (-81.32806152000001 48.47593351),en,"[[[-81.729849, 48.2768], [-81.729849, 48.712187], [-80.809929, 48.712187], [-80.809929, 48.2768]]]",2
Sant Cugat del Vall√©s,244,portarse,POINT (2.1683 41.3894),es,"[[[2.052477, 41.317048], [2.052477, 41.468266], [2.229978, 41.468266], [2.229978, 41.317048]]]",0
,138,los arcos ca ca,POINT (2.232254 41.459335),ca,"[[[2.211092, 41.42594], [2.211092, 41.492681], [2.270008, 41.492681], [2.270008, 41.42594]]]",2
"Torell√≥/Sant Cugat , Barcelona",2972,just posted photo sant cugat vall√®s,POINT (2.0852 41.4706),ca,"[[[1.999829, 41.415036], [1.999829, 41.519488], [2.129965, 41.519488], [2.129965, 41.415036]]]",0
