location,followers,comments,coordinates,language,geometry
,243,"RT @StevePieczenik: #Dominion 
#DominionVotingSystems https://t.co/aZCLBBpHj8",,und,
,114,"RT @StevePieczenik: #Dominion 
#DominionVotingSystems",,und,
"Kampala, Uganda",376,RT @brfootball: Suarez hates what‚Äôs happening to Messi at Barcelona. https://t.co/OUbXB6Klek,,en,
de #Barcelona y de #Mexico,575,El primer master en turismo LGBTI se impartir√° en Barcelona via @hosteltur https://t.co/iv8zCU6YwC,,es,
Eter,548,"@GuajeSalvaje El IBI en Barcelona cuesta entre el 400% y 500% m√°s que en Madrid. 

https://t.co/UbbZmVSTVh",,es,
"Castelloli,Catalunya,Espa√±a.",4686,Provincia Barcelona-Espa√±a https://t.co/bKdZLaISv1,,es,
,386,"RT @GuajeSalvaje: Un d√≠a Barcelona fue una ciudad moderna y cosmopolita.
Hasta que el populismo se hizo con el ayuntamiento, convirti√©ndola‚Ä¶",,es,
,77,"RT @beteve: üíª L‚ÄôAjuntament ampliar√† la partida d‚Äôajudes a la digitalitzaci√≥ del petit comer√ß. 

La pand√®mia ha impulsat la venda en l√≠nia i‚Ä¶",,ca,
üêê,2717,"RT @Madridi7ii: Barcelona Football club paying Respect to Real Madrid's European Cup Titles by sitting 13th In the Laliga Table

Respect! üëè‚Ä¶",,en,
barcelona,26,RT @La_Directa: #V√çDEO | L'home tirotejat per un gu√†rdia urb√† de Barcelona duia una m√† en cabestrell i a l'altra una bossa penjada https://‚Ä¶,,ca,
Japanese,32,"RT @soccernewsdesk: Messi has shown he is still the best, says Barcelona boss Koeman https://t.co/Aq44QoNUtc #trending #soccer #barcelona #‚Ä¶",,en,
Barcelona,147,"@Vani13C @gonnassau Viajo por Swissair desde Barcelona, y no s√© porque insistes en la cuarentena obligatoria. Espa√±‚Ä¶ https://t.co/RHC4LUcvDH",,es,
,114,Qu√© pena de los catalanes!!!!!!! Y qu√©  de los espa√±oles con lo que viene!!!!,,es,
,1252,"RT @Jorgebuxade: Okupas en Barcelona. 
Nada les detiene en su af√°n de destrucci√≥n. 

Pero vamos a liderar una gran coalici√≥n por la segurid‚Ä¶",,es,
"Valencia, Espa√±a",204,RT @JoaquimCampa: Barcelona. Inception-style photo. https://t.co/Bv4GHkUUao,,en,
Espa√±a,13,"üî• Tenemos 6 nuevas ofertas de Adminstraci√≥n y Secretariado en #Barcelona.
¬°Entra en https://t.co/2yKzBWHWSL y dec√∫brelas!
 #empleo",,es,
"Lagos, Nigeria ",3965,"Manchester City have ended their pursuit of Barcelona's Lionel Messi, according to Spanish football expert Semra Hu‚Ä¶ https://t.co/aWl2AvRFw3",,en,
"Florida, USA",626,"RT @StevePieczenik: #Dominion 
#DominionVotingSystems",,und,
ONDO BOY,1617,RT @brfootball: Suarez hates what‚Äôs happening to Messi at Barcelona. https://t.co/OUbXB6Klek,,en,
,305,Descubr√≠ @DearWerner leyendo este art√≠culo de Nuria Vidal https://t.co/PbJ6ChNBQu en el que habla tambi√©n de‚Ä¶ https://t.co/Gfc3WSfTQa,,es,
k,2156,"RT @Madridi7ii: Barcelona Football club paying Respect to Real Madrid's European Cup Titles by sitting 13th In the Laliga Table

Respect! üëè‚Ä¶",,en,
"Tijuana, Baja California üá≤üáΩ",102,RT @DjMaRiiO: ¬°¬° NUEVO VIDEO !! EL FC BARCELONA ME ENV√çA ESTA CAJA https://t.co/6ny9crMFaT,,es,
Sant Esteve De Les Roures,4306,RT @albertdmcat: Un Gu√†rdia Civil blanqueja m√©s de 8M‚Ç¨ d'objectes robats del Port de Barcelona https://t.co/RWyy93gF9B,,ca,
"Los Angeles, CA",20,"RT @barcacentre: Barcelona have ruled out the signing of Memphis Depay in January. If there is any income from a sale, the priority signing‚Ä¶",,en,
Catalunya,104827,Jordi Montull ha amagat a la just√≠cia ingressos de 14.000 euros anuals de lloguers per evitar que li ho embarguin.‚Ä¶ https://t.co/ZjHxMPIHhN,,ca,
,44,"RT @FCBarcelonaFl: üéô Mircea Lucescu (Dynamo coach) ‚ÄúBarcelona is Barcelona. Of course, the presence of Messi is always an advantage, but to‚Ä¶",,en,
"Lagos, Nigeria",231,RT @brfootball: Suarez hates what‚Äôs happening to Messi at Barcelona. https://t.co/OUbXB6Klek,,en,
Sabadell - Pa√Øsos Catalans,232,RT @LoXabvi: La onda expansiva ha llegado hasta Barcelona @elpais_espana https://t.co/g6qYnsgbxt,,ca,
ÍøàÎÇòÎùº,100,Hoy empieza mi hilo de aventuras por Barcelona Àö‚Çä¬∑,,es,
Reino de Espa√±a ,4545,"RT @Jorgebuxade: Okupas en Barcelona. 
Nada les detiene en su af√°n de destrucci√≥n. 

Pero vamos a liderar una gran coalici√≥n por la segurid‚Ä¶",,es,
Cabrils,371,RT @La_Directa: #V√çDEO | L'home tirotejat per un gu√†rdia urb√† de Barcelona duia una m√† en cabestrell i a l'altra una bossa penjada https://‚Ä¶,,ca,
"Immerath, Deutschland",820,Unexpected change of direction for Polak the band I was in in the UK. We decided to be a boy band for 5 minutes. Ba‚Ä¶ https://t.co/w226CpQHGq,,en,
"Asheville, NC",5059,"RT @LoRosS26: ...software installed where our votes found their way over to Barcelona and Frankfurt, where software manipulated the vote th‚Ä¶",,en,
,1045,RT @i_iamfreezy: @Pypper_ Na Barcelona break my heart oooüòÇüòÇ,,pl,
,653,"RT @PepitaldelBarr: Marjan, se llama Marjan el hombre tiroteado por la Guardia Urbana de Barcelona, y llevaba un brazo en cabestrillo como‚Ä¶",,es,
,2459,Don't know why Barcelona don't just let Messi leave and build the team from scratch...he's got nothing left to achi‚Ä¶ https://t.co/NIDiJ7uRYM,,en,
"Cassoles, Barcelona",600,La Barcelona que fa fora la policia i recupera les cases per les ve√Ønes la Barcelona que volem ü¶ãüíñ‚úäüèΩ,,ca,
,49,"RT @goal: If Barcelona want Griezmann to cut his hair, the player says it's NOT HAPPENING - even though fans think it affects his game ‚ùå

""‚Ä¶",,en,
akoka,2771,"RT @goal: If Barcelona want Griezmann to cut his hair, the player says it's NOT HAPPENING - even though fans think it affects his game ‚ùå

""‚Ä¶",,en,
,1468,"RT @Madridi7ii: Barcelona Football club paying Respect to Real Madrid's European Cup Titles by sitting 13th In the Laliga Table

Respect! üëè‚Ä¶",,en,
Paris,146,RT @akira_doe: @DrGomi @EricBillyFR Bon ... l'espoir d'une moindre susceptibilite des enfants a du plomb dans l'aile ... https://t.co/jEp9s‚Ä¶,,fr,
,443,En un infierno,,es,
"Dar es Salaam, Tanzania",23,"#UCL LEO.
.
20:55' FC Krasnodar üÜö Sevilla
20:55' Rennes üÜö Chelsea
23:00' Borussia Dortmund üÜö Club Brugge
23:00' Laz‚Ä¶ https://t.co/JP7m360jDR",,ro,
"chelsea fc üíô, real madrid ü§ç",335,"RT @Madridi7ii: Barcelona Football club paying Respect to Real Madrid's European Cup Titles by sitting 13th In the Laliga Table

Respect! üëè‚Ä¶",,en,
Madrid,225,Vuelve el Barsa m√°s llor√≥n,,es,
Espa√±a,2496,"RT @Jorgebuxade: Okupas en Barcelona. 
Nada les detiene en su af√°n de destrucci√≥n. 

Pero vamos a liderar una gran coalici√≥n por la segurid‚Ä¶",,es,
"Vigo, Galicia",1309,"RT @Madridi7ii: Barcelona Football club paying Respect to Real Madrid's European Cup Titles by sitting 13th In the Laliga Table

Respect! üëè‚Ä¶",,en,
In the heart of the Bernabeau,927,"RT @Madridi7ii: Barcelona Football club paying Respect to Real Madrid's European Cup Titles by sitting 13th In the Laliga Table

Respect! üëè‚Ä¶",,en,
San Cristobal - Venezuela,1143,"RT @ElMundo_Futbol: En 2016, Messi lograba un doblete en un estadio m√≠tico como Celtic Park. Cara sonriente con ojos en forma de coraz√≥n

#‚Ä¶",,es,
Barcelona,1724915,"#Opini√≥n üî¥

üó£ ""Si uno repasa los futbolistas que tiene el Barcelona en sus filas seguramente llegar√° a la conclusi√≥‚Ä¶ https://t.co/Aqi78Ks6bR",,es,
Barcelona,3202,"Esteu a temps de fer les vostres propostes üßë‚Äçüíª al #DecidimBCN

https://t.co/DwkJo7pHUC",,ca,
"Costa Mesa, CA",214,"RT @StevePieczenik: #Dominion 
#DominionVotingSystems",,und,
"ƒ∞stanbul, T√ºrkiye",72,"RT @Bonushood1: Sponsorumuz Grbets muhte≈üem bir etkinlikle kar≈üƒ±nƒ±zda. 

GRBETS / Dƒ∞NAMO Kƒ∞EV - BARCELONA / SKOR ETKƒ∞NLƒ∞ƒûƒ∞ / 15 TL FREEBET!‚Ä¶",,tr,
"Sant Celoni, Espanya",871,RT @La_Directa: #V√çDEO | L'home tirotejat per un gu√†rdia urb√† de Barcelona duia una m√† en cabestrell i a l'altra una bossa penjada https://‚Ä¶,,ca,
Guadalcac√≠n (Sverige),218,RT @La_Directa: #V√çDEO | L'home tirotejat per un gu√†rdia urb√† de Barcelona duia una m√† en cabestrell i a l'altra una bossa penjada https://‚Ä¶,,ca,
,13,"RT @elcornerdelsur: Carla: ""Ante el FC Barcelona debemos ser un bloque s√≥lido en defensa y tener eficacia arriba"" El C√≥rner del Sur https:/‚Ä¶",,es,
,2713,"RT @JoanDeaDua: Aix√≤ va pasar per la mort de un tret a la gossa Sota a Barcelona per un Gu√†rdia Urb√† ara fa dos anys.
Ara tenim un indigent‚Ä¶",,ca,
,4,"@Brandon_0020 @Tiagoyisus969 @RusbelTamayo @AdriRM33 Y 4 copas de Europa m√°s mundiales, copas del rey y supercopas‚Ä¶ https://t.co/FTBxSe72P9",,es,
"Barcelona, Tabarnia, Espa√±a",1220,"RT @GuajeSalvaje: Un d√≠a Barcelona fue una ciudad moderna y cosmopolita.
Hasta que el populismo se hizo con el ayuntamiento, convirti√©ndola‚Ä¶",,es,
Madrid - Barcelona,1176,"RT @ClubRACC: ""Los aparcamientos de #Barcelona, los m√°s peque√±os de Europa | Los coches son cada vez m√°s anchos"" http://t.co/MD2wnms0qY v√≠a‚Ä¶",,es,
,335,RT @La_Directa: #V√çDEO | L'home tirotejat per un gu√†rdia urb√† de Barcelona duia una m√† en cabestrell i a l'altra una bossa penjada https://‚Ä¶,,ca,
"New York, London, Rome",450,"RT @MajorPatriot: ""I've met with Sidney Powell....I've seen the evidence with respect to the Dominion machines and the software they used a‚Ä¶",,en,
"McKinney, TX",404,"RT @MajorPatriot: ""I've met with Sidney Powell....I've seen the evidence with respect to the Dominion machines and the software they used a‚Ä¶",,en,
"Barcelona, Espa√±a",72,"Tantas canciones y no he puesto nunca la m√≠aüòî

La BSO de Robin Hood, Prince of Thieves, por la Film Simphony Orches‚Ä¶ https://t.co/LAqPT3g9Wg",,es,
,343,RT @joerg_spengler: #Barcelona soll zu einer einzigen gro√üen Fu√üg√§ngerzone werden. Das hat B√ºrgermeisterin Ada Colau bekannt gegeben. Bis 2‚Ä¶,,de,
"San Diego, CA | he/him",367,"RT @Madridi7ii: Barcelona Football club paying Respect to Real Madrid's European Cup Titles by sitting 13th In the Laliga Table

Respect! üëè‚Ä¶",,en,
Nigeria,1046,"RT @goal: If Barcelona want Griezmann to cut his hair, the player says it's NOT HAPPENING - even though fans think it affects his game ‚ùå

""‚Ä¶",,en,
,74,"RT @Bonushood1: Etkinliƒüe gelll üó£Ô∏è

CEBAHƒ∞S | Dƒ∞NAMO Kƒ∞EV - BARCELONA | TOPLAM GOL ARALIƒûI ETKƒ∞NLƒ∞ƒûƒ∞ | 30‚Ç∫ FREEBET!

‚ôæ RT+ FAV
‚ôæ 3 Arkada≈üƒ±‚Ä¶",,tr,
,841,RT @StevePieczenik: #Massachusetts,,und,
,379,Barca fans ain't serious. Ronaldinho was lighting up the world looking like a Banshee,,en,
Barcelona,520,RT @La_Directa: #V√çDEO | L'home tirotejat per un gu√†rdia urb√† de Barcelona duia una m√† en cabestrell i a l'altra una bossa penjada https://‚Ä¶,,ca,
,558,"RT @crpandemonium: Me fui de Barcelona en el momento justo. Pero los barceloneses votaron esto: Podemos, PSC y ERC. ¬øQu√© esperaban que ocur‚Ä¶",,es,
dc,318,"RT @Madridi7ii: Barcelona Football club paying Respect to Real Madrid's European Cup Titles by sitting 13th In the Laliga Table

Respect! üëè‚Ä¶",,en,
Worldwide,984,RT @onovoxvii: Please tag Barcelona until they see it üôèüèΩ https://t.co/T56SFFNQi3,,en,
Barcelona,7237,"RT @centre_IRIDIA: Suspenen de feina i sou a un mosso per pegar a un jove a Ciutat Vella i n'aparten tres m√©s de les seves funcions‚ÄºÔ∏è

‚ÄúUn‚Ä¶",,ca,
La catedral,371,RT @ESPNFC: Imagine if Wayne Rooney had been part of that Barcelona team ü§© https://t.co/LYMH4ko1iV,,en,
,20,"RT @albertmartnez: En el cas del sensesostre tirotejat a Barcelona s'ha d'arribar fins al final. Caigui qui caigui, peti qui peti. I hi arr‚Ä¶",,ca,
Catalunya,224790,üî¥ A la retenci√≥ de la B-23 entre el Papiol i Sant Feliu de Llobregat‚û°Barcelona s'ha accidentat un cami√≥ que talla e‚Ä¶ https://t.co/9q8Xkx43gC,,ca,
,278,Seguid votando prus√©s idiotas!,,pt,
"Catalunya, Arenys d Munt.",253,RT @jaume_pros: Avui l‚Äôalcaldessa Colau i un ex√®rcit de comuns polemitzant artificiosament a Twitter sobre el catal√†. Semblaria que a Barce‚Ä¶,,ca,
,1271,"RT @fundaciomiro: üì£ Dijous obrirem excepcionalment la #Fundaci√≥Mir√≥ d'11 a 18 h. El perqu√®? Si vius fora de #Barcelona, volem que gaudeixis‚Ä¶",,ca,
South Africa,2359,üòçüòç,,und,
Somewhere In The Ville ,96,"RT @Madridi7ii: Barcelona Football club paying Respect to Real Madrid's European Cup Titles by sitting 13th In the Laliga Table

Respect! üëè‚Ä¶",,en,
,49,RT @goal: Wayne Rooney in the 2010 Barcelona team would have been ü§Ø https://t.co/LazgAqibpl,,en,
"Barcelona, Espa√±a",140,"RT @bcnuej: üëáüôèColegas en #Barcelona, ay√∫danos a difundir nuestro taller online para ampliar la voz de #activistas que est√°n luchando por ba‚Ä¶",,es,
,1888,RT @albertmartnez: #INVESTIGACI√ì | Imatges amb major nitidesa del tiroteig a un sensesostre posen en dubte que s'abraon√©s contra el gu√†rdia‚Ä¶,,ca,
"Barcelona, Espa√±a",68,"RT @Berlustinho: El dia que surti tot el que passa al Port de Barcelona la s√®rie The Wire quedar√† com Bob el manetes.

Un Gu√†rdia Civil bla‚Ä¶",,ca,
Egerton Njoro,393,"RT @CarolRadull: Today's Champions League Fixtures.

Krasnodar vs. Sevilla 8.55pm
Rennes vs. Chelsea 8.55pm
BVB vs. Club Brugge 11pm
Dynamo‚Ä¶",,en,
,649,"Qu√® collons fem donant pistoles als munipes? 
Els munipes, aquella gent que no ha sabut que fer de jove i ha entrat‚Ä¶ https://t.co/lsBWUguMHH",,ca,
Barcelona-Catalunya,18711,"RT @aalbeert: Amb aquesta simulaci√≥ que fas Colau no podria ser alcaldessa ja que necessita 21 regidors (majoria absoluta). 

Colau (9) +PS‚Ä¶",,ca,
Good place.,2324,RT @LouieDi13: No MESSI,,it,
"Catalunya, Espanya",1462,"RT @silviaromera1: DIFUSION SI PUEDES AYUDAR CONTACTA CON EL TFNO
Necesito Castell√≥n-Barcelona para transportar un carrito que quiero regal‚Ä¶",,es,
"Catalonia, Spain",122178,"üéôÔ∏è[ Universo Valdano via MARCA] | Griezzman gave an interview to Valdano to clarify all the latest information

Gri‚Ä¶ https://t.co/7YPTEsADEX",,en,
.,569,i told u bebih,,in,
,772,"RT @CDRCerdanyola: Urbanisme amb perspectiva de g√®nere per una ciutat m√©s amable de amb les persones üí™
https://t.co/JiOrRZtzRh",,ca,
,405,"RT @jm_clavero: Visto lo que hace la oposici√≥n en el ayuntamiento de Barcelona, la pr√≥xima vez me presento en alguna lista y se van a enter‚Ä¶",,es,
,0,"@AruserosLaSexta tengo un viaje desde Honduras, no es pa√≠s de riesgo, pero mi vuelo tiene dos escalas, una Panam√° y‚Ä¶ https://t.co/xnt7jTp9tv",,es,
Dansoman,156,RT @ESPNFC: Imagine if Wayne Rooney had been part of that Barcelona team ü§© https://t.co/LYMH4ko1iV,,en,
Instagram - hltcopod,17915,"HLTCO Football Podcast - 24.11.20

‚Ä¢ Sociedad are flying
‚Ä¢ Barcelona are flopping
‚Ä¢ Unai Emery wins over doubters
‚Ä¢‚Ä¶ https://t.co/1WFj6iZ6rT",,en,
,268,"@alfredoduro1 @AntoGriezmann A ti te odian en Barcelona,en Madrid y en toda espa√±a porq eres la peste del periodismo espa√±ol....",,es,
300m buiten Delft,81,@JurrVanWessem Wat mij betreft zou het beter zijn dat Messi de club verlaat. En wat ie dan gaat doen is me om het e‚Ä¶ https://t.co/5Kc3Xv8iJd,,nl,
Madrid - Ja√©n,909,"RT @crpandemonium: Me fui de Barcelona en el momento justo. Pero los barceloneses votaron esto: Podemos, PSC y ERC. ¬øQu√© esperaban que ocur‚Ä¶",,es,
,653,RT @KingMobBCn: La @barcelona_GUB va intentar assassinar a una persona sense motius https://t.co/A2tXf60unt,,ca,
+62,365,"RT @panditfootball: 15 tahun lalu, para pendukung Real Madrid memberi standing ovation kepada Ronaldinho atas aksi gemilang dan torehan dua‚Ä¶",,in,
,461,"@BRGoals @FBSkill 1. Rennes vs Chelsea
2. Dynamo Kiev vs Barcelona
3. I don't freaking care.",,en,
Netherlands,26209,RT @_mtiemann: Laut Barcelonas B√ºrgermeisterin @AdaColau soll die spanische Stadt bis 2030 autofrei sein. Unvorstellbar in Deutschland? Ehe‚Ä¶,,de,
Aranjuez,3471,"RT @CasviFactory: ""Una cadena feminista contra las violencias machistas, atraviesa varias calles de Barcelona""

-Unas 3.000 mujeres, seg√∫n‚Ä¶",,es,
"Caldes de Montbui, PPCC",319,RT @La_Directa: #V√çDEO | L'home tirotejat per un gu√†rdia urb√† de Barcelona duia una m√† en cabestrell i a l'altra una bossa penjada https://‚Ä¶,,ca,
,13,RT @elcornerdelsur: El Sevilla FC sum√≥ un valioso punto en su visita al FC Barcelona El C√≥rner del Sur https://t.co/l5neBvy6Di https://t.co‚Ä¶,,es,
"Galicia, Espa√±a",131,"RT @CaudePaimei: @PoePirgena, eres una chica adorable pero al mismo tiempo pareces muy fuerte. Tienes una voz muy bonita, y ojal√° nos conoc‚Ä¶",,es,
World,476,"RT @silviaromera1: DIFUSION SI PUEDES AYUDAR CONTACTA CON EL TFNO
Necesito Castell√≥n-Barcelona para transportar un carrito que quiero regal‚Ä¶",,es,
,124,"RT @GuajeSalvaje: Un d√≠a Barcelona fue una ciudad moderna y cosmopolita.
Hasta que el populismo se hizo con el ayuntamiento, convirti√©ndola‚Ä¶",,es,
,151,"RT @SiyahCorapIilar: - Altƒ±n madalyalƒ± boks√∂r√º olan bir Barcelona g√∂remezsiniz

- Rekortmen y√ºz metreci atleti olan bir Real Madrid'e rast‚Ä¶",,tr,
"Bali,Spanje, Ascari,Nederlands",184,https://t.co/qo559gCLIV,,und,
,95,pep guardiola Barcelona sƒ±,,tr,
,384,"RT @LaVanguardia: üë• ENTREVISTA.

""Hay cosas peores que la ELA, como morir en un accidente o una enfermedad que te fulmina; irte sin poder d‚Ä¶",,es,
Onubense por el mundo,2887,"RT @jlhortelano: Ahora vete tu a Hacienda y plantea lo mismo, y ver√°s. https://t.co/IcrtoTog1X",,es,
God's right hand.,6743,"RT @goal: If Barcelona want Griezmann to cut his hair, the player says it's NOT HAPPENING - even though fans think it affects his game ‚ùå

""‚Ä¶",,en,
"Barcelona, Catalonia",12044,"Si vens a #ElBornCCM de dimarts a diumenge podr√†s gaudir de les nostres exposicions permanents:
‚ö±Ô∏è #Barcelona 1700.‚Ä¶ https://t.co/cYdsVJ6Y8p",,ca,
Madrid,1028,"A so√±ar y anotar felicidad se ha dicho, v√≠a @Macarfi_Guide ¬°Enhorabuena a los premiados! https://t.co/knXWU4i4jq",,es,
"Barcelona, Catalunya",45,"RT @mariusserra: Benvolguda @AdaColau 

Les lleng√ºes comencen a morir quan els seus parlants les bandegen.

Ets l'alcaldessa de Barcelona,‚Ä¶",,ca,
,75,RT @goal: Wayne Rooney in the 2010 Barcelona team would have been ü§Ø https://t.co/LazgAqibpl,,en,
"Longyearbyen, islas Svalbard",83,RT @JoaquimCampa: Barcelona. Inception-style photo. https://t.co/Bv4GHkUUao,,en,
,76,RT @goal: Wayne Rooney in the 2010 Barcelona team would have been ü§Ø https://t.co/LazgAqibpl,,en,
Sevilla. Rute. Granada. Padul ,2073,@hasturix Preciosa foto del Puerto de Barcelona.,,es,
,969,"RT @timeronaldo: Imagine going to school for 12 years of your life, learning things like common sense and how to read and write to end up a‚Ä¶",,en,
"Accra, Ghana",4487,"RT @goal: If Barcelona want Griezmann to cut his hair, the player says it's NOT HAPPENING - even though fans think it affects his game ‚ùå

""‚Ä¶",,en,
,15,"RT @Kalebetturkiye: DINAMO KIEV üü• BARCELONA

Kar≈üƒ±la≈ümayƒ± hangi takƒ±m kazanƒ±r ‚öΩÔ∏è

‚ÄºÔ∏è @KalebetTurkiye'yi takip et
‚ÄºÔ∏è 5 Arkada≈üƒ±n ile birlikt‚Ä¶",,tr,
"Haryana, India",8176,"RT @KoborinX2: @gauthie74757302 Hi Thierry San,  Have a brilliant new week with your family &amp; friendsüå∫üßú‚Äç‚ôÄÔ∏èüåª 
Palau de la Musica Catalana /‚Ä¶",,en,
espa√±a,8864,"RT @Jorgebuxade: Okupas en Barcelona. 
Nada les detiene en su af√°n de destrucci√≥n. 

Pero vamos a liderar una gran coalici√≥n por la segurid‚Ä¶",,es,
Calldetenes (Osona),798,RT @albertmartnez: #INVESTIGACI√ì | Imatges amb major nitidesa del tiroteig a un sensesostre posen en dubte que s'abraon√©s contra el gu√†rdia‚Ä¶,,ca,
,8054,RT @albertdmcat: Un Gu√†rdia Civil blanqueja m√©s de 8M‚Ç¨ d'objectes robats del Port de Barcelona https://t.co/RWyy93gF9B,,ca,
Spain,1507,"RT @niporwifi: Todo ok, Jos√© Luis.",,es,
"Barcelona, Spain",1946,#GetTheTaycan,,und,
error 404,767,RT @deckerspectre: https://t.co/5s34gOaZSh https://t.co/5ObfrXenbH,,und,
"Sevilla, Espa√±a",875,"RT @jl_montesinos: Siempre se puede ir m√°s all√° en el camino hacia el gilipollismo supremo. 

Urbanismo de g√©nero para renovar las zonas in‚Ä¶",,es,
"Chennai, India",2282,"RT @BarcaTimes: üéôÔ∏è[ Universo Valdano via MARCA] | Griezzman gave an interview to Valdano to clarify all the latest information

Griezmann :‚Ä¶",,en,
"Vila Nova de Gaia, Portugal",83,Vai fazer hat trick hoje,,pt,
Espa√±a,926,@Jorgebuxade @JuanMPrieto3 ¬°Qu√© bonita est√° quedando Barcelona! Dentro de poco todas esas motos desaparecer√°n misteriosamente.,,es,
"Buenos Aires, Argentina",6757,"#LaLiga Probabilidad matem√°tica de salir campe√≥n:

#RealSociedad 26,0%
#AtleticoMadrid 25,1%
#Villarreal 9,9%‚Ä¶ https://t.co/HS0O6zxPYS",,es,
,588,"RT @albertmartnez: En el cas del sensesostre tirotejat a Barcelona s'ha d'arribar fins al final. Caigui qui caigui, peti qui peti. I hi arr‚Ä¶",,ca,
"Stockholm, Sverige",67,RT @SvenskaFans: La Setmana Blaugrana √§r tillbaka och ger er det senaste om Barcelona #FCBarcelona #Bar√ßa #LaLiga @RubbaBaron https://t.co/‚Ä¶,,sv,
Entre Mallorca i Catalunya ,405,RT @punsix: Duia el bra√ß en cabestrell. Just abans que es fiqui darrera la furgoneta es veu clar que la m√†niga de la jaqueta lj penja. Uns‚Ä¶,,ca,
barcelona,26,RT @albertmartnez: #INVESTIGACI√ì | Imatges amb major nitidesa del tiroteig a un sensesostre posen en dubte que s'abraon√©s contra el gu√†rdia‚Ä¶,,ca,
JAKARTA,17606,Penjelasan Antoine Griezmann Soal yang Sebenarnya Terjadi di Barcelona https://t.co/FtiSJfxrI5,,in,
Sverige ,329,"@ClubSvezia Verkligen tr√•ngt p√• ert mittf√§lt, k√§nns inte s√• v√•r Hakan √§r en spelare som sl√•r sig in d√§r. V√§ldigt oj‚Ä¶ https://t.co/p7Jkwn4HlG",,sv,
Barcelona,3044,"RT @decidimbcn: Esteu a temps de fer les vostres propostes üßë‚Äçüíª al #DecidimBCN

https://t.co/DwkJo7pHUC",,ca,
Indonesia,1945,Penjelasan Antoine Griezmann Soal yang Sebenarnya Terjadi di Barcelona https://t.co/usCu0JTAiU,,in,
Barcelona,924,"Week 10: Atleti are La Liga title favs (or at least thereabouts). Simeone still a genius, F√©lix is better than Grie‚Ä¶ https://t.co/Rqng7ZV9q8",,ht,
,315,üëáüí•üëáüí•üëá,,und,
"San Luis Obispo, CA",3143,This is important and solid reporting. Looks at evidence of covid infection and hospitalization rates by age demogr‚Ä¶ https://t.co/Enuduj6Ekz,,en,"[[[-120.708511, 35.595413], [-120.708511, 35.666664], [-120.640069, 35.666664], [-120.640069, 35.595413]]]"
"Seattle, WA",7164,New: UW Medicine is postponing many non-urgent surgeries scheduled in the next month until after Feb. 1 to make roo‚Ä¶ https://t.co/07FGN7OBV0,,en,"[[[-122.436232, 47.495315], [-122.436232, 47.734319], [-122.224973, 47.734319], [-122.224973, 47.495315]]]"
"Arizona, USA",1561,#MicDrop @lindyli  well said!! Great Legacy @gop and @realDonaldTrump #MAGA,,en,"[[[-178.443593, 18.86546], [-178.443593, 28.517269], [-154.755792, 28.517269], [-154.755792, 18.86546]]]"
AZ,687,hahahaha and y'all really think you're gonna take everyone's Thanksgiving ü§£ü§£ü§£ü§£ü§£ gtfo Patrolling doesn't help all th‚Ä¶ https://t.co/bxK8EOkmZS,,en,"[[[-112.323914, 33.29026], [-112.323914, 33.815465], [-111.925439, 33.815465], [-111.925439, 33.29026]]]"
tampico MX,1494,#datosduros la triste realidad y el #mitomano que tenemos de presidente diciendo que vamos bien #HDSPM,,es,"[[[-97.86013, 22.237664], [-97.86013, 22.328388], [-97.784943, 22.328388], [-97.784943, 22.237664]]]"
"Jaipur, India",113,All that money i wasted on covid tests i regret using them all for shopping dozens of clothing for self. #wasted‚Ä¶ https://t.co/skIj38jHjJ,,en,"[[[75.497997, 26.800561], [75.497997, 27.018805], [75.997045, 27.018805], [75.997045, 26.800561]]]"
,1596,@nypost We all knew she was going to get Covid before she made it to jail.,,en,"[[[-72.710598, 42.03108], [-72.710598, 42.102783], [-72.584948, 42.102783], [-72.584948, 42.03108]]]"
Somewhere in Neverland,61,I probably have COVID. Love that for me.,,en,"[[[-122.498909, 45.460886], [-122.498909, 45.559395], [-122.367482, 45.559395], [-122.367482, 45.460886]]]"
"Sydney, Nova Scotia",67,The clear truth üëåüèº,,en,"[[[36.664573, -1.389053], [36.664573, -1.160674], [37.062667, -1.160674], [37.062667, -1.389053]]]"
"‡§ó‡•Å‡§∞‡§∏‡§π‡§æ‡§Ø‡§ó‡§Ç‡§ú, ‡§≠‡§æ‡§∞‡§§",460,"Bring Down COVID-19 Positivity Rate Under 5 Pc, Increase RT-PCR Tests: PM Modi To CMs
https://t.co/VuTL5izSS5 via N‚Ä¶ https://t.co/pNRdSWBAgz",,en,"[[[81.806609, 26.542945], [81.806609, 26.835731], [82.479626, 26.835731], [82.479626, 26.542945]]]"
Barcelona - Eivissa,550,Quiero volver a madrizzzz,,es,"[[[2.052477, 41.317048], [2.052477, 41.468266], [2.229978, 41.468266], [2.229978, 41.317048]]]"
"Livingston, NJ",1095,Weak response. Why not  say illegal under the cares act and we will sue to stop the transfer,,en,"[[[-74.377326, 40.75774], [-74.377326, 40.818383], [-74.280592, 40.818383], [-74.280592, 40.75774]]]"
"Guayaquil, Ecuador üá™üá® ",875,"oeste/en una tierra de calamidad/que tiene en mente vencer a la peste,/que a diestra y siniestra se lleva a la gent‚Ä¶ https://t.co/oV90yZB7dP",,es,"[[[-80.467605, -3.063716], [-80.467605, -1.962274], [-79.714781, -1.962274], [-79.714781, -3.063716]]]"
,766,Great,,en,"[[[-112.93618, 49.620144], [-112.93618, 49.756615], [-112.756536, 49.756615], [-112.756536, 49.620144]]]"
"Barcelona, Catalu√±a",1988,"@DMinghella Indeed.
Many people will perceive this as a license to pretend that the virus is gone for 5 days.
That,‚Ä¶ https://t.co/ibgCLRJQ2y",,en,"[[[1.722105, 41.218715], [1.722105, 41.294696], [1.835002, 41.294696], [1.835002, 41.218715]]]"
,265,"@hesham_abdalla @KettGeneral @NGHnhstrust Middle managers - real assests. Organistional buffers, absorbing and reso‚Ä¶ https://t.co/Cpw3QPLYBW",,en,"[[[-2.034105, 51.977226], [-2.034105, 53.616356], [0.357994, 53.616356], [0.357994, 51.977226]]]"
,48,@juncalssolano @DeniseDresserG @NachoRgz @brozoxmiswebs como lo veeeennn üëÄüí∏üí∏üí∏,,es,"[[[-106.619116, 23.068553], [-106.619116, 23.867727], [-105.924379, 23.867727], [-105.924379, 23.068553]]]"
Texas,185,So is @GovAbbott‚Äôs plan to wait and see how many Texans die while we wait for the vaccine to be distributed? The fa‚Ä¶ https://t.co/KkigF2FvC6,,en,"[[[-95.823268, 29.522325], [-95.823268, 30.154665], [-95.069705, 30.154665], [-95.069705, 29.522325]]]"
"Los Angeles, CA SAG/AFTRA ",63258,@IvankaTrump @EPA So who should thank more? Your  dad or Covid-19? Because both of them fucking screwed us. Only di‚Ä¶ https://t.co/sv83cJXQHU,,en,"[[[-118.668404, 33.704538], [-118.668404, 34.337041], [-118.155409, 34.337041], [-118.155409, 33.704538]]]"
"Palau-solita i Plegamans, BCN",379,@campos_gon Dos grandes peleadores,,es,"[[[2.052477, 41.317048], [2.052477, 41.468266], [2.229978, 41.468266], [2.229978, 41.317048]]]"
,0,"Alienscreated Jesus&amp;dbible.
CIAhandedchecks2all4
70y,neglectingtrans&amp;abank1.4MperyearWhenEarthis@closest2Jupiterane‚Ä¶ https://t.co/LizAtccYA7",,en,"[[[-86.348441, 39.631677], [-86.348441, 39.927448], [-85.937404, 39.927448], [-85.937404, 39.631677]]]"
,41,@pilarcarracelas @anaportis Falso hipocrita,,es,"[[[2.052477, 41.317048], [2.052477, 41.468266], [2.229978, 41.468266], [2.229978, 41.317048]]]"
"Bali, Indonesia",265,"‚ÄúOne issue is that we wouldn‚Äôt be able to leave the airport, and the other is that our transit time was too short -‚Ä¶ https://t.co/c1zzW0dbiK",,en,"[[[115.185377, -8.746756], [115.185377, -8.66518], [115.266902, -8.66518], [115.266902, -8.746756]]]"
Vancouver,4727,#bcpoli Brentwood Elementary School in Burnaby sent out a Covid-19 alert today for an exposure that happened on Nov‚Ä¶ https://t.co/qRuEJjtwmB,,en,"[[[-123.224215, 49.19854], [-123.224215, 49.316738], [-123.022947, 49.316738], [-123.022947, 49.19854]]]"
"Crenshaw, Los Angeles",175,Me and my pops,,en,"[[[-118.668404, 33.704538], [-118.668404, 34.337041], [-118.155409, 34.337041], [-118.155409, 33.704538]]]"
,654,@JMV1714 Tampoc el meu i de la meva familla i amicsüôÖüèΩ‚Äç‚ôÄÔ∏è,,ca,"[[[2.052477, 41.317048], [2.052477, 41.468266], [2.229978, 41.468266], [2.229978, 41.317048]]]"
Some Place Alone,19934,So y‚Äôall sending me sweet potato pies or I gotta mask up in 48hrsüôÉ,,en,"[[[-97.848463, 31.014356], [-97.848463, 31.144257], [-97.659217, 31.144257], [-97.659217, 31.014356]]]"
"San Diego, CA",1,@KathleenFOX5 ASSAULT! Lady assaulted gay man bc mask was off 2 min while he sniffed colognes at Macys in Fashion V‚Ä¶ https://t.co/Sg31oWt3HQ,,en,"[[[-117.282538, 32.53962], [-117.282538, 33.080404], [-116.92744, 33.080404], [-116.92744, 32.53962]]]"
"Madrid, Comunidad de Madrid",2832,M√°s de 250 Profesionales  #AtencionPrimariaCMadrid contin√∫an esta semana el Estudio de Seroprevalencia para conocer‚Ä¶ https://t.co/HydlV0IVG9,,es,"[[[-3.889005, 40.312071], [-3.889005, 40.643518], [-3.51801, 40.643518], [-3.51801, 40.312071]]]"
"Duri Riau Mandau, Indonesia",358,@annisau_ Fix covid,,en,"[[[106.64701, -6.145006], [106.64701, -6.089734], [106.715088, -6.089734], [106.715088, -6.145006]]]"
"Cleveland, OH",1471,I love this woman xoxox,,en,"[[[-81.877771, 41.392684], [-81.877771, 41.599195], [-81.533163, 41.599195], [-81.533163, 41.392684]]]"
"Barcelona, Catalunya",511,@BarbraStreisand The planet!üôèüèª,,en,"[[[1.360618, 41.192727], [1.360618, 42.323449], [2.77795, 42.323449], [2.77795, 41.192727]]]"
Barcelona,86,"Ahir sense ser un gran partit i tot i el rival (fluixet) es va veure un altre equip, tots corrien ning√∫ al tran tra‚Ä¶ https://t.co/Hbav2KG9zv",,ca,"[[[2.052477, 41.317048], [2.052477, 41.468266], [2.229978, 41.468266], [2.229978, 41.317048]]]"
Puducherry,839,"Around 600 fishermen and their families moved to relief camps in Puducherry. They are provided with food, masks and‚Ä¶ https://t.co/XSWCmLImBt",,en,"[[[79.599774, 11.774197], [79.599774, 12.033405], [79.843263, 12.033405], [79.843263, 11.774197]]]"
"Seoul, Orange County, Mokupuni o Hawai‚Äòi",1181,Hear! Hear!,,en,"[[[-157.950476, 21.254837], [-157.950476, 21.38505], [-157.648702, 21.38505], [-157.648702, 21.254837]]]"
Barcelona-Horta-Guinard√≥,1187,"La diputada vasca Beatriz Fanjul, la favorita ante el congreso de Nuevas Generaciones del PP https://t.co/8lNZn7jM0g v√≠a @ABCespana",,es,"[[[2.052477, 41.317048], [2.052477, 41.468266], [2.229978, 41.468266], [2.229978, 41.317048]]]"
"Cali Born & Raised, In Houston",738,"Those who dont want to wear masks, get the vaccine; think its fake; etc....Read This. My heart goes out to you Hina‚Ä¶ https://t.co/3DBKDIODoT",,en,"[[[-95.823268, 29.522325], [-95.823268, 30.154665], [-95.069705, 30.154665], [-95.069705, 29.522325]]]"
"Manchester , UK",2292,"Covid: Fitted face masks designed after nurse's struggle
https://t.co/fpKhxt7GGO",,en,"[[[-2.137411, 53.405243], [-2.137411, 53.435286], [-2.060325, 53.435286], [-2.060325, 53.405243]]]"
Barcelona-Horta-Guinard√≥,1187,"La diputada vasca Beatriz Fanjul, la favorita ante el congreso de Nuevas Generaciones del PP‚Ä¶ https://t.co/enHZSiY6fl",,es,"[[[2.052477, 41.317048], [2.052477, 41.468266], [2.229978, 41.468266], [2.229978, 41.317048]]]"
"darlo, sydney... GADIGAL LAND",4198,"Vicious voices scapegoated multiculturalism as a source of covid spread...

...with a wink and a nod from some in f‚Ä¶ https://t.co/nhtFSdDkAI",,en,"[[[150.520929, -34.118347], [150.520929, -33.578141], [151.343021, -33.578141], [151.343021, -34.118347]]]"
"Munich, Bavaria",2280,"""Ah dude, you remember what happened last time with that, you ended up eating the charger cable and we had to flip‚Ä¶ https://t.co/iidk3EEfcW",,en,"[[[11.360589, 48.061634], [11.360589, 48.248124], [11.722918, 48.248124], [11.722918, 48.061634]]]"
Catalunya,184,"Tant enyorada... en el Camp d'en Grassot i Gracia Nova, Barcelona https://t.co/rN4n9mmL18","[41.40468875, 2.16672453]",ca,"[[[2.052477, 41.317048], [2.052477, 41.468266], [2.229978, 41.468266], [2.229978, 41.317048]]]"
"Portland, OR",2062,Barbara I have COVID but I have the will to beat this a see Biden nomination and Jill Dance,,en,"[[[-122.790065, 45.421863], [-122.790065, 45.650941], [-122.471751, 45.650941], [-122.471751, 45.421863]]]"
Madrid,19623,"Madre m√≠a, zapatero a tus zapatos, si te sacan de los huesos de aceituna y de lamebotas no das una, como es posible‚Ä¶ https://t.co/02MoOd7Sfs",,es,"[[[-3.889005, 40.312071], [-3.889005, 40.643518], [-3.51801, 40.643518], [-3.51801, 40.312071]]]"
Veracruz.,866,Rayos...,,es,"[[[-96.150405, 19.054575], [-96.150405, 19.231626], [-96.047576, 19.231626], [-96.047576, 19.054575]]]"
"Barcelona, Espa√±a",64,@abalosmeco @NadiaCalvino #desinformacion.seguro que esta noticia tan buena sobre la gesti√≥n empresarial de nuestro‚Ä¶ https://t.co/Mmq9B4Z3hp,,es,"[[[2.086323, 41.336062], [2.086323, 41.380548], [2.137433, 41.380548], [2.137433, 41.336062]]]"
"Barcelona, Catalunya, Espa√±a",4100,Por ellas #25N2020 #ellatidodelasmariposas https://t.co/iqt7rGPjO8,,es,"[[[2.052477, 41.317048], [2.052477, 41.468266], [2.229978, 41.468266], [2.229978, 41.317048]]]"
widnes,4271,@MartinDaubney @britishbullybee @CharlesWalkerMP On behalf of the millions who died early from a bastard inflicted‚Ä¶ https://t.co/MNOFlyLIDE,,en,"[[[-2.784107, 53.341503], [-2.784107, 53.395284], [-2.697338, 53.395284], [-2.697338, 53.341503]]]"
"Barcelona, Spain",32,@Bipoker Very true! But just #BITCOIN,,en,"[[[2.057436, 41.276561], [2.057436, 41.348499], [2.146839, 41.348499], [2.146839, 41.276561]]]"
,274,This is so true! For my 19th birthday Thomas gave me a necklace with 2 hearts and he told me that like that no matt‚Ä¶ https://t.co/7syCBOqdUx,,en,"[[[2.14799, 48.847674], [2.14799, 48.896051], [2.213262, 48.896051], [2.213262, 48.847674]]]"
"Islamabad, Pakistan",140,"Covid took another member of my family, stay safe everyone. #COVID19",,en,"[[[70.062759, 31.218052], [70.062759, 36.907585], [74.134729, 36.907585], [74.134729, 31.218052]]]"
Les Franqueses del Vall√®s,437,"#bondia #lesfranqueses!
Avui tenim mercat a #bellavista.
‚ö†Ô∏è Per prevenir rebrots de la #COVID19, MASCARETA I DIST√ÄN‚Ä¶ https://t.co/l8mPoVkFav",,ca,"[[[2.276032, 41.607439], [2.276032, 41.685635], [2.349322, 41.685635], [2.349322, 41.607439]]]"
"54.97646,-1.602538",456,Thanks but just cause I stand up for myself and I truly appreciate organsations as cool and kind as they are like t‚Ä¶ https://t.co/6wAEFNVoPC,,en,"[[[-1.693792, 54.960055], [-1.693792, 55.024056], [-1.596931, 55.024056], [-1.596931, 54.960055]]]"
"York, PA",8229,@FCPSSupt Ur destroying the lives of so many children u disgraceful piece of üí©! How can u live with what ur doing?‚Ä¶ https://t.co/CGe9qiGM3f,,en,"[[[-80.519851, 39.719801], [-80.519851, 42.516072], [-74.689517, 42.516072], [-74.689517, 39.719801]]]"
"Salt Lake City, UT",1105,"@LukeHaueter @nickdroolz @X96 Just like the more cover songs that are released, the higher COVID numbers grow. üßê",,en,"[[[-111.928394, 40.686417], [-111.928394, 40.725919], [-111.871215, 40.725919], [-111.871215, 40.686417]]]"
Brussels,12002,"Climate crisis: CO2 hits new record despite Covid-19 lockdowns
https://t.co/mY0PWMVOp7 #EUGreenDeal #GreenRecovery‚Ä¶ https://t.co/oc8VFpqoHy",,en,"[[[5.974847, 50.662144], [5.974847, 50.85723], [6.218106, 50.85723], [6.218106, 50.662144]]]"
"Champaign, IL",2405,"@LisaHagan7 @wetuiozx He lied, wouldn‚Äôt release his taxes and so many other things. The worse thing he‚Äôs done is no‚Ä¶ https://t.co/lJmlMMcYDs",,en,"[[[-88.333161, 40.054674], [-88.333161, 40.160295], [-88.225277, 40.160295], [-88.225277, 40.054674]]]"
Mumbai India,1331,@cinnabar_dust Purchase a good quality mask....you won't face this problemüò∑,,en,"[[[81.092702, 20.772981], [81.092702, 21.543301], [81.624789, 21.543301], [81.624789, 20.772981]]]"
,1632,@ljdc68 @PlayStationES @IbaiLlanos @NetflixES @jbalaguero Siguiendo a Negre y Abascal sueltas esto...te contradices un poquitin.,,es,"[[[2.052477, 41.317048], [2.052477, 41.468266], [2.229978, 41.468266], [2.229978, 41.317048]]]"
,10,"@laneucat Jo vaig flipar i disfrutar molt.van peti molt en algun moment ,quin crack üëèüèΩüëèüèΩüëèüèΩ",,ca,"[[[2.206149, 41.408955], [2.206149, 41.434844], [2.238532, 41.434844], [2.238532, 41.408955]]]"
"Berlin, MD",184,Holy Crap! And we wonder why this can‚Äôt be kept under control or why the need for a National Mask Mandate is Needed‚Ä¶ https://t.co/ciknr7R6Bv,,en,"[[[-79.487651, 37.886607], [-79.487651, 39.723622], [-74.986286, 39.723622], [-74.986286, 37.886607]]]"
"Kansas City, MO",423,They said he got covid nails üò≠üò≠ü§£,,en,"[[[-94.733122, 38.868002], [-94.733122, 39.332095], [-94.385441, 39.332095], [-94.385441, 38.868002]]]"
"Badalona, URSS",12465,"Well, here we go again.",,en,"[[[2.052477, 41.317048], [2.052477, 41.468266], [2.229978, 41.468266], [2.229978, 41.317048]]]"
My fortress-like compound,5085,"@getwired @davidmweissman In a hyperbaric chamber, which I‚Äôm definitely buying post-Covid.",,en,"[[[-124.482003, 32.528832], [-124.482003, 42.009519], [-114.131212, 42.009519], [-114.131212, 32.528832]]]"
"Hendersonville, TN",23543,So sad this happened!  We need to retrain our police force to only use lethal force as a very last resort!,,en,"[[[-86.674887, 36.248263], [-86.674887, 36.366587], [-86.495313, 36.366587], [-86.495313, 36.248263]]]"
"South Carolina, USA",41,My mom and dad paid so much for us to go to the polar express this year and I seen pictures of Santa in a face mask‚Ä¶ https://t.co/xbq2MSljAb,,en,"[[[-83.353955, 32.04683], [-83.353955, 35.215449], [-78.499301, 35.215449], [-78.499301, 32.04683]]]"
"Reno, Nevada",1788,Update,,en,"[[[-119.953849, 39.350749], [-119.953849, 39.674123], [-119.700515, 39.674123], [-119.700515, 39.350749]]]"
,973,D'un nombre a un altre nombre hi ha infinites possibilitats que mai veurem resoltes. Els c√†lculs s√≥n aproximacions‚Ä¶ https://t.co/5JW9F4GQlc,,ca,"[[[2.187074, 41.433463], [2.187074, 41.47346], [2.222536, 41.47346], [2.222536, 41.433463]]]"
"London, United Kingdom",138031,"#Germany‚Äôs confirmed coronavirus cases increase by 18,633 https://t.co/im09y6OojZ","[51.50538967, -0.12485951]",en,"[[[-0.187894, 51.483718], [-0.187894, 51.516466], [-0.109978, 51.516466], [-0.109978, 51.483718]]]"
"Barcelona, Espanya",445,"‚âà40,9 km (intensitat 3/10, superf√≠cie 0.1/10)
https://t.co/sArIiPBRFd

(25/11/20 08:17) #Barcelona #BCN https://t.co/KdDeRZjubr","[41.383333, 2.183333]",ca,"[[[2.052477, 41.317048], [2.052477, 41.468266], [2.229978, 41.468266], [2.229978, 41.317048]]]"
"Los Angeles, California",33,"@LBOcean111 @LongBeachPost People likely come into closer contact with their family who might be infected, especial‚Ä¶ https://t.co/4ZMTzpoi4P",,en,"[[[-118.250227, 33.732905], [-118.250227, 33.885438], [-118.063194, 33.885438], [-118.063194, 33.732905]]]"
Madrid | Barcelona (Spain),54,"Hoy 25/Nov en #ExpoCRC20 - Sala A - 10:15 | ""La Personalizaci√≥n de la Relaci√≥n Cliente ¬øEl nuevo reto de los CRC?"".‚Ä¶ https://t.co/mnOFfaMpzW",,es,"[[[2.052477, 41.317048], [2.052477, 41.468266], [2.229978, 41.468266], [2.229978, 41.317048]]]"
"Tampa, FL",254261,"√öltima hora coronavirus | Madrid plantea ampliar reuniones a 10 personas en Navidad 

https://t.co/kTgA88khQe",,es,"[[[-87.634643, 24.396308], [-87.634643, 31.001056], [-79.974307, 31.001056], [-79.974307, 24.396308]]]"
"Los Angeles, CA",1463,"Back home to a city that‚Äôs actually on lockdown for COVID.

I‚Äôm upset about the dispensaries being closed tho!",,en,"[[[-118.317804, 33.916377], [-118.317804, 33.931268], [-118.291514, 33.931268], [-118.291514, 33.916377]]]"
"Barcelona, Spain",1694,Bichota es un mood,,es,"[[[2.052477, 41.317048], [2.052477, 41.468266], [2.229978, 41.468266], [2.229978, 41.317048]]]"
,44,@Gr8SageEqlofHvn @DrEricDing @dorothyk98 I ‚Äòm sick of people who claim they have rights and refuse to wear a mask o‚Ä¶ https://t.co/8QqZ5ogBqu,,en,"[[[-81.046876, 35.001706], [-81.046876, 35.416412], [-80.646695, 35.416412], [-80.646695, 35.001706]]]"
Stinky Boot,167,This isn‚Äôt even a joke,,en,"[[[-72.88753, 41.396625], [-72.88753, 41.516538], [-72.746075, 41.516538], [-72.746075, 41.396625]]]"
"San Diego, CA",1,@ReporterCassie ASSAULT! Lady assaulted gay man bc mask was off 2 min while he sniffed colognes at Macys in Fashion‚Ä¶ https://t.co/6b6oHHk0Sh,,en,"[[[-117.282538, 32.53962], [-117.282538, 33.080404], [-116.92744, 33.080404], [-116.92744, 32.53962]]]"
"Berruguete, 126 - BARCELONA",714,"ALIMARA EVENTS, conecta con tu p√∫blico. 

Hasta 20.000 participantes virtuales y 114 asistentes presenciales, mante‚Ä¶ https://t.co/AkTpyJepWL",,es,"[[[2.14736, 41.433939], [2.14736, 41.433939], [2.14736, 41.433939], [2.14736, 41.433939]]]"
"Sants, Barcelona, Catalunya ",1336,@CBinvaders @Roigesuncolor @silviacasorran @raquelvelag @nuriperezsans @anayaesther @m_garciablasco @Neleeta‚Ä¶ https://t.co/ZgF3SvqnxW,,ca,"[[[2.052477, 41.317048], [2.052477, 41.468266], [2.229978, 41.468266], [2.229978, 41.317048]]]"
"Branford, CT",922,"More than 600 restaurants have closed since the beginning of the COVID-19 pandemic, Connecticut Restaurant Associat‚Ä¶ https://t.co/EGUup0OodS",,en,"[[[-72.864342, 41.248445], [-72.864342, 41.324367], [-72.731485, 41.324367], [-72.731485, 41.248445]]]"
Paraguay,138,Cierto,,es,"[[[-57.81535, -25.984291], [-57.81535, -25.108891], [-57.155006, -25.108891], [-57.155006, -25.984291]]]"
Kampala Uganda,112,"Dr. Driwale Alfred, assistant Commisioner vaccines and immunization @MinofHealthUG, @DavidNahamya, registrar Nation‚Ä¶ https://t.co/cnIAn1QEDB",,en,"[[[32.416623, 0.164853], [32.416623, 0.413682], [32.721697, 0.413682], [32.721697, 0.164853]]]"
"Northfield, MN",2625,I guess I maaaaaybe have a mild cold but of course now I‚Äôm all OMG IS IT COVID.  This is so irritating.  Not even s‚Ä¶ https://t.co/8Q0M7xH9cK,,en,"[[[-93.201231, 44.422625], [-93.201231, 44.47687], [-93.127284, 44.47687], [-93.127284, 44.422625]]]"
"Reno, NV",624,JUST IN: board members voted to have secondary students in the Washoe County School District temporarily transition‚Ä¶ https://t.co/w97SrrMQB1,,en,"[[[-119.953849, 39.350749], [-119.953849, 39.674123], [-119.700515, 39.674123], [-119.700515, 39.350749]]]"
"Geneva, Switzerland",1424,@DNDi @doctorsoumya Thank you @doctorsoumya  for your guidance and support as we worked with 13 African countries t‚Ä¶ https://t.co/JK0WPLS5Cz,,en,"[[[7.19246, 46.416068], [7.19246, 46.583965], [7.387162, 46.583965], [7.387162, 46.416068]]]"
"Nairobi, Kenya",8688,"Imagine people dying in Covid-19, and still, in their last moments they still believe it's a Hoax bc #Trump said that. Tragic and horrifying",,en,"[[[36.664573, -1.389053], [36.664573, -1.160674], [37.062667, -1.160674], [37.062667, -1.389053]]]"
,168,@ArvindKejriwal why is Covid spike in Delhi ? Due To Delhi Covid situation international travel &amp; students futures‚Ä¶ https://t.co/i3xSzSOBUA,,en,"[[[72.80161, 19.16162], [72.80161, 19.593413], [73.03441, 19.593413], [73.03441, 19.16162]]]"
,48,"El #DolorCr√≥nico post-COVID debe considerarse en el contexto del modelo biopsicosocial, que ve los s√≠ntomas como el‚Ä¶ https://t.co/Lzq7gfBfp7",,es,"[[[-0.454832, 38.384924], [-0.454832, 38.427349], [-0.406641, 38.427349], [-0.406641, 38.384924]]]"
,157,@Zapatista72 @abrimuz A Merkel la he mirado mucho en este v√≠deo y es muy expl√≠cita. Muy inteligente. Vale la pena m‚Ä¶ https://t.co/OyR5KwgebV,,es,"[[[2.052477, 41.317048], [2.052477, 41.468266], [2.229978, 41.468266], [2.229978, 41.317048]]]"
"Ginebra, Suiza",2151,Will see how this goes,,en,"[[[2.052477, 41.317048], [2.052477, 41.468266], [2.229978, 41.468266], [2.229978, 41.317048]]]"
"Berruguete, 126 - BARCELONA",714,"ALIMARA EVENTS, conecta con tu p√∫blico. 

Hasta 20.000 participantes virtuales y 114 asistentes presenciales, mante‚Ä¶ https://t.co/JA9oJHdpIX",,es,"[[[2.14736, 41.433939], [2.14736, 41.433939], [2.14736, 41.433939], [2.14736, 41.433939]]]"
Barcelona - Alicante,35086,@Henry_er_prinsi Quit√°ndote la ansiedad que llevas encima.,,es,"[[[2.052477, 41.317048], [2.052477, 41.468266], [2.229978, 41.468266], [2.229978, 41.317048]]]"
"Barcelona, Espa√±a",401,"Bala de Ca√±on 

@ParqueDelEste https://t.co/Cjy4hOOhSa",,es,"[[[2.052477, 41.317048], [2.052477, 41.468266], [2.229978, 41.468266], [2.229978, 41.317048]]]"
Bogot√° üìç,955,"Jajaja!!! Ver√≠dico, pasa en todos los Servientrega!! ü§£",,es,"[[[-74.483289, 3.717432], [-74.483289, 4.807135], [-74.004053, 4.807135], [-74.004053, 3.717432]]]"
,4552,Interesting read. üò±,,en,"[[[-123.478699, 48.433384], [-123.478699, 48.559067], [-123.262977, 48.559067], [-123.262977, 48.433384]]]"
,41,@junqueras @martarovira @Esquerra_ERC Han tetodo era independentista no como vosotros que sois unos falsos,,es,"[[[2.052477, 41.317048], [2.052477, 41.468266], [2.229978, 41.468266], [2.229978, 41.317048]]]"
Lahore / Chishtian,7275,This is not the mindset of Nafisah Shah alone. This is the mindset of whole PPP.,,en,"[[[69.328873, 27.708226], [69.328873, 34.019989], [75.382124, 34.019989], [75.382124, 27.708226]]]"
"London, sadly not Gods County",1483,Looks like my prediction is coming true.  No vaccination = no international travel.,,en,"[[[-0.254269, 51.379947], [-0.254269, 51.441804], [-0.124309, 51.441804], [-0.124309, 51.379947]]]"
"Zhuji, Zhejiang, China",31,"Children leggings, super soft, comfortable and good quality @JiayangSocks #socks #sock #leggings #pink #grey #white‚Ä¶ https://t.co/tbnDcOoPIm",,en,"[[[117.998322, 27.14303], [117.998322, 31.176662], [122.65458, 31.176662], [122.65458, 27.14303]]]"
"Washington Heights, Manhattan",589,@thetracilords ü•≥ANOTHER MASK ON MY LIST!!!...GRACIAS TRACI!!!!ü•≥,,en,"[[[-74.026675, 40.683935], [-74.026675, 40.877483], [-73.910408, 40.877483], [-73.910408, 40.683935]]]"
"Barcelona, Espa√±a",345,"@Fnac_Libros @NovaCiFi @megustaleer El planeta se llama Roshar
#BrandonSandersonEnFnac",,es,"[[[2.052477, 41.317048], [2.052477, 41.468266], [2.229978, 41.468266], [2.229978, 41.317048]]]"
"Red Sea, Egypt",1867,"#insta #suez #happy #vacation #coursetraining #petroleum_engineer #maninblack #mask #corona #virus ü¶† üñ§üñ§üñ§üñ§ @ Suez, E‚Ä¶ https://t.co/DObqsG47hg","[29.9722, 32.5491]",en,"[[[31.860555, 28.965008], [31.860555, 30.303674], [32.834287, 30.303674], [32.834287, 28.965008]]]"
,766,Great,,en,"[[[-112.93618, 49.620144], [-112.93618, 49.756615], [-112.756536, 49.756615], [-112.756536, 49.620144]]]"
,1632,"Uno dice: ""yo no sigo a un endiosado vividor"" refiriendose a Ibai...y el t√≠o sigue a Javier Negre y Abascal...

Es que acojona...",,es,"[[[2.052477, 41.317048], [2.052477, 41.468266], [2.229978, 41.468266], [2.229978, 41.317048]]]"
Barcelona,496,@YAQDistribucion @NovembreNegre Gracias a vosotros por el trabajazo que hac√©is en distribuci√≥n! Frliz de ser parte de la familia YAQ ‚ò∫Ô∏è‚ò∫Ô∏è‚ò∫Ô∏è,,es,"[[[2.052477, 41.317048], [2.052477, 41.468266], [2.229978, 41.468266], [2.229978, 41.317048]]]"
Huelva ,1939,"'Efecto bandwagon' o 'subirse al carro': ""Cuando empiece a administrarse la vacuna contra la Covid, disminuir√° el r‚Ä¶ https://t.co/Iwbrwl1vND",,es,"[[[-6.905559, 37.296437], [-6.905559, 37.403855], [-6.752417, 37.403855], [-6.752417, 37.296437]]]"
Wherever ,997,"@BorisJohnson @michaelgove please resign and take this reckless, wretched government of yours with you. You have in‚Ä¶ https://t.co/moH3WbIMcz",,en,"[[[-2.336433, 52.369428], [-2.336433, 52.38494], [-2.296028, 52.38494], [-2.296028, 52.369428]]]"
Barcelona,269,"A la classe dels #Pirates #2nprim√†ria estan treballant  els #√©ssers vius i per grups han pintat els mam√≠fers, els r‚Ä¶ https://t.co/50FcJIb3oC",,ca,"[[[2.052477, 41.317048], [2.052477, 41.468266], [2.229978, 41.468266], [2.229978, 41.317048]]]"
,41,@PouBoada @anaportis @gabrielrufian @Esquerra_ERC Son todos igualitos,,es,"[[[2.052477, 41.317048], [2.052477, 41.468266], [2.229978, 41.468266], [2.229978, 41.317048]]]"
"Portsmouth, NH",2068,NHs COVID death rate is 3% of cases. That is astronomically high for any illness. Scary really,,en,"[[[-71.014742, 43.239714], [-71.014742, 43.378501], [-70.905946, 43.378501], [-70.905946, 43.239714]]]"
Barcelona,83,‚ÄúLa verdad es la invenci√≥n  de un embustero‚Äù https://t.co/du2nbh3spg,,es,"[[[2.052477, 41.317048], [2.052477, 41.468266], [2.229978, 41.468266], [2.229978, 41.317048]]]"
,1411,¬øQUI√âN SE SIENTA EN LA MESA DE NAVIDAD? üå≤üå≤Toca ponerse a hacer c√°lculos y dejar fuera al t√≠o plasta o a la cu√±ada q‚Ä¶ https://t.co/Jxs6JAgxFW,,es,"[[[-2.98601, 43.213654], [-2.98601, 43.290145], [-2.880325, 43.290145], [-2.880325, 43.213654]]]"
San Juan del Puerto (Huelva),2651,"'Efecto bandwagon' o 'subirse al carro': ""Cuando empiece a administrarse la vacuna contra la Covid, disminuir√° el r‚Ä¶ https://t.co/taw9FfyBQc",,es,"[[[-6.905559, 37.296437], [-6.905559, 37.403855], [-6.752417, 37.403855], [-6.752417, 37.296437]]]"
,822,"*Main Street in HB

I can vouch it‚Äôs not *that* bad everywhere in HB",,en,"[[[-118.082615, 33.628991], [-118.082615, 33.756093], [-117.91485, 33.756093], [-117.91485, 33.628991]]]"
,91,Heartbreaking.,,en,"[[[-122.436232, 47.495315], [-122.436232, 47.734319], [-122.224973, 47.734319], [-122.224973, 47.495315]]]"
"Lynwood, CA",406,It sucks I won‚Äôt be seeing my family this thanksgiving and possibly not for xmas. Please pray for those who are cur‚Ä¶ https://t.co/zka4wmYh5Z,,en,"[[[-117.834663, 34.018283], [-117.834663, 34.112618], [-117.711171, 34.112618], [-117.711171, 34.018283]]]"
"Barcelona, Espa√±a",12,"No tendr√≠a q ser aixi,estem o no est√©m en epidemia, criteri per favor",,es,"[[[2.052477, 41.317048], [2.052477, 41.468266], [2.229978, 41.468266], [2.229978, 41.317048]]]"
,170,Great demonstration of how to minimise risk but continue to live life a little #COVID19 #CovidChristmas,,en,"[[[-2.142873, 51.861864], [-2.142873, 51.930763], [-2.032676, 51.930763], [-2.032676, 51.861864]]]"
,559,"#BurnItDown #Sabotage 
Not a helpful #TransitionToBiden",,en,"[[[-122.790065, 45.421863], [-122.790065, 45.650941], [-122.471751, 45.650941], [-122.471751, 45.421863]]]"
Nigeria,3923,"If care is not taken... we may hit 250/Litre by mid2021. 
Post Covid Manufacturing rush",,en,"[[[5.02008, 5.010849], [5.02008, 6.502068], [6.768461, 6.502068], [6.768461, 5.010849]]]"
Barcelona,3193,@Darkitos2 Vivimos en una burbuja. ¬øAlguien sab√≠a que Coldplay ten√≠a nueva m√∫sica? üòÇ,,es,"[[[2.052477, 41.317048], [2.052477, 41.468266], [2.229978, 41.468266], [2.229978, 41.317048]]]"
"Peace River, Alberta",337,"I love how the loudest chirpers of ‚Äústay home, social distance, you are ruining it for all of us, etc. etc.‚Äù are th‚Ä¶ https://t.co/wobqXEEUGo",,en,"[[[-120.001814, 56.245924], [-120.001814, 58.080828], [-116.914563, 58.080828], [-116.914563, 56.245924]]]"
,556,Seguro que no opinan lo mismo los familiares de los fallecidos por Covid que no fueron atendidos y a los que se les‚Ä¶ https://t.co/ep4CHE65qg,,es,"[[[-3.80752, 40.202103], [-3.80752, 40.255894], [-3.733381, 40.255894], [-3.733381, 40.202103]]]"
xanthophilia,625,@hanifjamals Beautiful 3 ply premium mask here! Available for both men and women. We even have headloop mask for hi‚Ä¶ https://t.co/PEyd2OyX6z,,en,"[[[101.73111, 3.149887], [101.73111, 3.297668], [101.849109, 3.297668], [101.849109, 3.149887]]]"
Islamabad,228,Is it for Real?,,en,"[[[73.022194, 33.662724], [73.022194, 33.762138], [73.131447, 33.762138], [73.131447, 33.662724]]]"
Spain,19422,"The Covid Recovery Group threatens the UK‚Äôs recovery from covid https://t.co/4YzvO1VaBy
The CRG ...... just like th‚Ä¶ https://t.co/fblhzEXvps",,en,"[[[0.153375, 40.203354], [0.153375, 40.393417], [0.32228, 40.393417], [0.32228, 40.203354]]]"
"Hyderabad, India",532,"#Puducherry - 51 new #COVID19 positive cases, 45 Discharges &amp; No Death reported in #Puducherry till 10am. Now Total‚Ä¶ https://t.co/0NDR9g3U0O",,en,"[[[78.426176, 17.234568], [78.426176, 17.495638], [78.770343, 17.495638], [78.770343, 17.234568]]]"
,188,"Cita,
¬´Los que de coraz√≥n se quieren s√≥lo con el coraz√≥n se hablan.¬ª Francisco de Quevedo https://t.co/aIlscF0PDM v√≠a @proverbia_net",,es,"[[[2.086323, 41.336062], [2.086323, 41.380548], [2.137433, 41.380548], [2.137433, 41.336062]]]"
Asturias,11900,"Espa√±a supera ya los 75.000 muertos por coronavirus, 32.000 m√°s de los que da el Gobierno: https://t.co/iU3FfJwdfB‚Ä¶ https://t.co/TJztrCQVJU",,es,"[[[-5.948078, 43.553966], [-5.948078, 43.659232], [-5.76759, 43.659232], [-5.76759, 43.553966]]]"
Asgardia,12972,@PanteraDeChile @joseantoniokast Y psicologico tambien,,es,"[[[2.086323, 41.336062], [2.086323, 41.380548], [2.137433, 41.380548], [2.137433, 41.336062]]]"
"Badalona, Espanya",650,Ni una menys!,,ca,"[[[2.211092, 41.42594], [2.211092, 41.492681], [2.270008, 41.492681], [2.270008, 41.42594]]]"
Netherlands,151,"Denmark, the Netherlands, South Africa, Switzerland, the Faroe Islands, Russia and the US have all reported cases o‚Ä¶ https://t.co/ACxQjPmnmY",,en,"[[[4.190347, 52.014871], [4.190347, 52.138865], [4.422444, 52.138865], [4.422444, 52.014871]]]"
South West,55058,"Chancellor says he can't do long-term planning because of #COVID

But he is still using the pandemic as an excuse t‚Ä¶ https://t.co/wgnJjh8jTZ",,en,"[[[-2.272842, 51.721517], [-2.272842, 51.769296], [-2.190976, 51.769296], [-2.190976, 51.721517]]]"
Barcelona,123,Inmigrante! Ya no tienes que levantarte a las 6:00 de la ma√±ana e ir a hacer cola a la comisar√≠a para poder renovar‚Ä¶ https://t.co/Xk3EQXTyDh,,es,"[[[1.999829, 41.415036], [1.999829, 41.519488], [2.129965, 41.519488], [2.129965, 41.415036]]]"
venezuela,34,@RCR750 @Urruchurtu eso es como si se le entregara un cuadro de bicicleta en el medio  de los m√©danos.y criticarlo porque no rueda.,,es,"[[[2.052477, 41.317048], [2.052477, 41.468266], [2.229978, 41.468266], [2.229978, 41.317048]]]"
Gville ‚û°Ô∏è Ridgeland,1028,My mom is a Virgo and the blueprint as to why I can't stand female Virgos. I'm a Libra. We only get along when we a‚Ä¶ https://t.co/3Bf7TGLeqH,,en,"[[[-90.181179, 32.399351], [-90.181179, 32.459434], [-90.067498, 32.459434], [-90.067498, 32.399351]]]"
"Malibu, CA",76,Does research really support the notion that outdoor dining is fueling the spread of COVID-19 in LA? Contact‚Ä¶ https://t.co/b2xKqXNUDk,,en,"[[[-118.873235, 34.000405], [-118.873235, 34.04779], [-118.584559, 34.04779], [-118.584559, 34.000405]]]"
"Barcelona, Espa√±a",729,"Aprenem, comprovem, practiquem, compartim... gaudir aprenent #scratch i #makeymakey per construir un #inventmusical‚Ä¶ https://t.co/99E6jDHEkM",,ca,"[[[2.157388, 41.414316], [2.157388, 41.414316], [2.157388, 41.414316], [2.157388, 41.414316]]]"
"Barcelona, Espa√±a",12,"Son los mismos q defendieron el remdedivir,ojo!!!!",,es,"[[[2.052477, 41.317048], [2.052477, 41.468266], [2.229978, 41.468266], [2.229978, 41.317048]]]"
,1307,Odd Brexit/No deal doesn‚Äôt deserve a mention in your discussion of economic/public finance situation given the pred‚Ä¶ https://t.co/SsqvI16F2R,,en,"[[[-6.036116, 54.543241], [-6.036116, 54.648497], [-5.82071, 54.648497], [-5.82071, 54.543241]]]"
,67,"Mi t√≠o est√° grave con el COVID , no hay camas disponibles para hospitalizar y el ox√≠geno que tenia no le est√° llega‚Ä¶ https://t.co/iqgrSy6cpq",,es,"[[[-83.051445, 7.20386], [-83.051445, 9.639486], [-77.13939, 9.639486], [-77.13939, 7.20386]]]"
blackwood ni,234,"Santa asked, what do you want for xmas? Something that can be used pre-covid &amp; post-covid that fits in my wallet &amp;‚Ä¶ https://t.co/Y0UjHATPDk",,en,"[[[-75.088811, 39.726424], [-75.088811, 39.852636], [-74.968468, 39.852636], [-74.968468, 39.726424]]]"
,58727,Aquest abandonament a la seva sort d'empreses i aut√≤noms est√† essent percebut com¬†un desistiment l'administraci√≥ de‚Ä¶ https://t.co/K3FDPf6rHC,,ca,"[[[2.052477, 41.317048], [2.052477, 41.468266], [2.229978, 41.468266], [2.229978, 41.317048]]]"
"Barcelona, Espa√±a",90,"Mis cielas, si no os gusta Catalunya no vengais, de nada‚ú®",,es,"[[[2.052477, 41.317048], [2.052477, 41.468266], [2.229978, 41.468266], [2.229978, 41.317048]]]"
"Portland, OR",525,"A relaxing post-qualifying exam paint sesh (PRE-COVID me would have gone out for a drink). 
My rendition of Portlan‚Ä¶ https://t.co/GcFL8Jn3Un",,en,"[[[-122.790065, 45.421863], [-122.790065, 45.650941], [-122.471751, 45.650941], [-122.471751, 45.421863]]]"
Barcelona,1670,"@La_resistensia_ En este sentido hicieron un interesante estudio en Alemania.

A tener en cuenta los accesos, esto‚Ä¶ https://t.co/vV994SQ49Z",,es,"[[[2.086323, 41.336062], [2.086323, 41.380548], [2.137433, 41.380548], [2.137433, 41.336062]]]"
"Barcelona, Espa√±a",64,@Cuenquera #desinformacion. La periodista Sansebastian es tan derechista que hasta el rictus de su cara se le tuerc‚Ä¶ https://t.co/hUyRTByHB3,,es,"[[[2.086323, 41.336062], [2.086323, 41.380548], [2.137433, 41.380548], [2.137433, 41.336062]]]"
"Gloucester, England",507,Please read the thread in it's entirety,,en,"[[[-2.28129, 51.821982], [-2.28129, 51.884201], [-2.177545, 51.884201], [-2.177545, 51.821982]]]"
Rep√∫blica Catalana,1068,@realDonaldTrump DONALD LOSER!!!!,,en,"[[[2.052477, 41.317048], [2.052477, 41.468266], [2.229978, 41.468266], [2.229978, 41.317048]]]"
"Barcelona, Espa√±a.",120,@thoughsob @vox_es El render o imitar a Australia?,,es,"[[[2.052477, 41.317048], [2.052477, 41.468266], [2.229978, 41.468266], [2.229978, 41.317048]]]"
,198,COVIDIOTS thinking their smarter than an 18 year old. Wrong!,,en,"[[[-113.693259, 37.146358], [-113.693259, 37.188502], [-113.651627, 37.188502], [-113.651627, 37.146358]]]"
"Barcelona, Espa√±a",35,@Alvisepf Jajaja pilladas las trampas,,es,"[[[2.052477, 41.317048], [2.052477, 41.468266], [2.229978, 41.468266], [2.229978, 41.317048]]]"
"Broadstairs, England",61,Liverpool find loophole in Covid rules as Salah returns 5 days after positive https://t.co/prSCP67qjD,,en,"[[[1.043809, 51.25326], [1.043809, 51.300251], [1.136462, 51.300251], [1.136462, 51.25326]]]"
,644,Um ok nvm ü•¥ three of the staff tested positive for covid,,en,"[[[-156.359376, 20.804118], [-156.359376, 20.850458], [-156.318233, 20.850458], [-156.318233, 20.804118]]]"
,52,Brahmin left,,en,"[[[2.052477, 41.317048], [2.052477, 41.468266], [2.229978, 41.468266], [2.229978, 41.317048]]]"
"Sacramento, CA",1326,Family of dead Publix worker files lawsuit alleging grocery chain stopped him from wearing a face mask. https://t.co/HfYNQUeDaQ,,en,"[[[-121.576613, 38.43792], [-121.576613, 38.685524], [-121.362715, 38.685524], [-121.362715, 38.43792]]]"
United Kingdom,728,My daughter who is a carer helped above duty yesterday shovelling coal for elderly ladies fire. However she got to‚Ä¶ https://t.co/u4lKxI6dWM,,en,"[[[-1.1498, 51.222613], [-1.1498, 51.303039], [-1.039377, 51.303039], [-1.039377, 51.222613]]]"
Barcelona,99,@encantats @miquelstrubell @laSextaTV @telecincoes @RTVEComunicacio @noticias_cuatro @telemadrid @AjuntamientosGr‚Ä¶ https://t.co/UEQ42WAIPA,,es,"[[[2.052477, 41.317048], [2.052477, 41.468266], [2.229978, 41.468266], [2.229978, 41.317048]]]"
Barcelona,1670,"@La_resistensia_ ¬øQue puede salir mal? ü§∑üèª‚Äç‚ôÇÔ∏è

Iron√≠a en modo ON",,es,"[[[-18.160695, 27.63775], [-18.160695, 43.790388], [4.327985, 43.790388], [4.327985, 27.63775]]]"
Australia,955,"@NettieSars @CedricOz @JoshButler That's literally the definition of being at risk, all that. I haven't heard healt‚Ä¶ https://t.co/xptYbSEpvK",,en,"[[[152.668523, -27.767441], [152.668523, -26.996845], [153.31787, -26.996845], [153.31787, -27.767441]]]"
"Warwick, RI",81647,He blocked the SAFE act from securing our elections. He blocked the HEROES act from providing vital relief to Ameri‚Ä¶ https://t.co/au3iuoyRKF,,en,"[[[-71.518925, 41.629501], [-71.518925, 41.76838], [-71.354415, 41.76838], [-71.354415, 41.629501]]]"
"Ankara, T√ºrkiye",171,Covid-19 negative but depression positive ü•∏,,en,"[[[32.783577, 39.957727], [32.783577, 40.043205], [32.900297, 40.043205], [32.900297, 39.957727]]]"
Cardiff & Barcelona,483,"@CSEL_NATOAIRCOM @SHAPE_NATO Wow, there is massive question.  Good luck.  Wondering if embracing failure as success‚Ä¶ https://t.co/259DhjlglE",,en,"[[[1.999829, 41.415036], [1.999829, 41.519488], [2.129965, 41.519488], [2.129965, 41.415036]]]"
"El Paso, Texas ",2023,"@kathryniveyy Idiots! I can‚Äôt speak for others but I can tell you that I wear my mask everywhere, I sanitize my han‚Ä¶ https://t.co/3aBiUe2RKL",,en,"[[[-106.634874, 31.620668], [-106.634874, 31.966068], [-106.199987, 31.966068], [-106.199987, 31.620668]]]"
,33,"Good for him, hope he does",,en,"[[[-1.498746, 54.988178], [-1.498746, 55.067841], [-1.417312, 55.067841], [-1.417312, 54.988178]]]"
"Haverfordwest, Wales, UK",2215,"@DrEricDing Sorry Eric, but I'm calling eventual US COVID-19 fatalities will reach ~420,000 or higher.
Pandemic con‚Ä¶ https://t.co/mFdcS9iBb2",,en,"[[[-5.00763, 51.784003], [-5.00763, 51.818157], [-4.952157, 51.818157], [-4.952157, 51.784003]]]"
Parts Unknown,658,So I guess it‚Äôs my birthday alone since COVID IS A B,,en,"[[[-79.76259, 40.477383], [-79.76259, 45.015851], [-71.777492, 45.015851], [-71.777492, 40.477383]]]"
"Pacifica, CA",424,@KatyaSedgwick @KTVU Who cares about fraud when you have mask and hand sanitizer,,en,"[[[-122.515276, 37.565624], [-122.515276, 37.666566], [-122.442863, 37.666566], [-122.442863, 37.565624]]]"
East Midlands,594,@SarahThroup Not ‚Äúfollowing‚Äù the science then whatever that is. Need to do what‚Äôs right for us. IF we do get visito‚Ä¶ https://t.co/m4FjK6q8ou,,en,"[[[-1.408026, 53.068076], [-1.408026, 53.082102], [-1.379386, 53.082102], [-1.379386, 53.068076]]]"
Barcelona,2844,Reto conseguido! Bravo @fratrist ha estado tocando durante 12 horas seguidas la pieza #Vexations de Erik #Satie en‚Ä¶ https://t.co/xpUnEKBn0r,,es,"[[[2.173606, 41.380713], [2.173606, 41.380713], [2.173606, 41.380713], [2.173606, 41.380713]]]"
widnes,4271,@iheartmindy @LasVegasSun The FBI hate Trump the CIA hate Trump China hate Trump BLM Hate Trump the Media Hate Trum‚Ä¶ https://t.co/2KNVFw3ryG,,en,"[[[-2.784107, 53.341503], [-2.784107, 53.395284], [-2.697338, 53.395284], [-2.697338, 53.341503]]]"
Barcelona,19361,"@danifdezp Es demasiado delgada, se doblar√≠a con el tiempo por su propio peso (a no ser que la entablille por detr√°s)",,es,"[[[2.086323, 41.336062], [2.086323, 41.380548], [2.137433, 41.380548], [2.137433, 41.336062]]]"
Sevilla,2063,"Muy Buenos D√≠as, mi√©rcoles, 25 de noviembre de 2020, fun, fun fun, nos ha nacido un salvador, nuestro S√°nchez, el s‚Ä¶ https://t.co/M5QBcwVWIM",,es,"[[[-6.02843, 37.313613], [-6.02843, 37.452783], [-5.81866, 37.452783], [-5.81866, 37.313613]]]"
City of the fallen angels,966,And Covid-19 didn‚Äôt just magically disappear after the election???,,en,"[[[-118.668404, 33.704538], [-118.668404, 34.337041], [-118.155409, 34.337041], [-118.155409, 33.704538]]]"
"Sants, Barcelona, Catalunya ",1336,@CBinvaders @Roigesuncolor @silviacasorran @raquelvelag @nuriperezsans @anayaesther @m_garciablasco @Neleeta‚Ä¶ https://t.co/VtNbKJHYux,,ca,"[[[2.052477, 41.317048], [2.052477, 41.468266], [2.229978, 41.468266], [2.229978, 41.317048]]]"
"Frankfurt on the Main, Germany",1791,"Good morning my Twitheads.
Coffee is on.
@realDonaldTrump is STILL a Murderer, a Rapist, a Racist, and wants to ban‚Ä¶ https://t.co/2ZymERUSyO",,en,"[[[7.976504, 49.929706], [7.976504, 50.009178], [8.137587, 50.009178], [8.137587, 49.929706]]]"
"Milton, WV",389,@___hunnibee The COVID hasn‚Äôt been my issue it‚Äôs how weak it has left my lung! Wants it gets its shit together I‚Äôm‚Ä¶ https://t.co/HX9o2IbEG9,,en,"[[[-82.530433, 38.375981], [-82.530433, 38.439347], [-82.349236, 38.439347], [-82.349236, 38.375981]]]"
Barcelona,205,@onlyexpression pues he mirado a ver si te veia,,es,"[[[2.052477, 41.317048], [2.052477, 41.468266], [2.229978, 41.468266], [2.229978, 41.317048]]]"
"Brentwood, TN",911,@STcom Guess more deaths than Covid?,,en,"[[[-86.869446, 35.939893], [-86.869446, 36.05065], [-86.686525, 36.05065], [-86.686525, 35.939893]]]"
"Stockholm, Sweden",14,CRAZY ! BILL GATES DOESNT EVAN HIDE IT. #COVID #VACCINE #CORONAVIRUS #DATA #HELTHMATTERS #FreedomMatters,,en,"[[[14.143556, 59.997217], [14.143556, 60.419603], [15.245579, 60.419603], [15.245579, 59.997217]]]"
"Sydney, New South Wales",1702,"Surely it should have parliamentary approval for the government to fly a private citizen on a world tour, particula‚Ä¶ https://t.co/PrWJCnVUZq",,en,"[[[150.520929, -34.118347], [150.520929, -33.578141], [151.343021, -33.578141], [151.343021, -34.118347]]]"
"Soweto, South Africa",117,Deep,,en,"[[[27.751856, -26.512649], [27.751856, -26.039628], [28.18434, -26.039628], [28.18434, -26.512649]]]"
,1416,PLEASE!!  Your life depends on it!,,en,"[[[-94.421887, 44.852448], [-94.421887, 44.914174], [-94.333293, 44.914174], [-94.333293, 44.852448]]]"
Barcelona,205,@onlyexpression no se por que lo he pensado lo del tren,,es,"[[[2.052477, 41.317048], [2.052477, 41.468266], [2.229978, 41.468266], [2.229978, 41.317048]]]"
France,12263,News 1/1 https://t.co/l4G212Py0E,,en,"[[[-5.141593, 41.364659], [-5.141593, 51.088771], [9.559831, 51.088771], [9.559831, 41.364659]]]"
"Long Beach, CA",1444,I‚Äôm gonna take off my mask when I‚Äôm there on Friday cause I‚Äôm working out there Friday and start coughing at the bi‚Ä¶ https://t.co/WKtLt1tmFL,,en,"[[[-118.250227, 33.732905], [-118.250227, 33.885438], [-118.063194, 33.885438], [-118.063194, 33.732905]]]"
,526,@BennyFrankLynn1 @susan_gambino @markpoloncarz @ECDOH @TheBuffaloNews @news4buffalo @WKBW @SPECNewsBuffalo‚Ä¶ https://t.co/1WzJ6Y1sGZ,,en,"[[[-78.916774, 42.696345], [-78.916774, 42.789724], [-78.783331, 42.789724], [-78.783331, 42.696345]]]"
,41,Luckily the globalists did not make an Olympic event of the covid games.We could have received a gold.,,en,"[[[101.615161, 3.0332], [101.615161, 3.244548], [101.758774, 3.244548], [101.758774, 3.0332]]]"
"Oceanside, CA",66,Give it them.  People need help for God‚Äôs sake!,,en,"[[[-117.399853, 33.152639], [-117.399853, 33.299993], [-117.241905, 33.299993], [-117.241905, 33.152639]]]"
Barcelona,581,"En esta ocasi√≥n, mi propuesta de lectura en la secci√≥n ‚ÄúEl Rinc√≥n del Lector‚Äù de la edici√≥n de noviembre de la revi‚Ä¶ https://t.co/sopg4I5460",,es,"[[[2.052477, 41.317048], [2.052477, 41.468266], [2.229978, 41.468266], [2.229978, 41.317048]]]"
"Faaborg, Denmark",13202,The #Europe story of declining #COVID19 infection numbers but still seeing a high numbers of #COVID deaths is also‚Ä¶ https://t.co/spTZ4wF5e9,,en,"[[[10.360546, 54.942943], [10.360546, 55.221741], [10.812611, 55.221741], [10.812611, 54.942943]]]"
Barcelona,267,Acaba de publicar una foto en Centre C√≠vic Sagrada Fam√≠lia https://t.co/3varmMQes4,"[41.40589451, 2.1765811]",ca,"[[[2.052477, 41.317048], [2.052477, 41.468266], [2.229978, 41.468266], [2.229978, 41.317048]]]"
,159,@catalunya_marea @SentitCritic No al pacto de Toledo porque es un ataque a las pensiones p√∫blicas y a los trabajado‚Ä¶ https://t.co/G0Aj3m4h3X,,es,"[[[2.052477, 41.317048], [2.052477, 41.468266], [2.229978, 41.468266], [2.229978, 41.317048]]]"
"Oakland, California",458,A family story that's already way too common.,,en,"[[[-84.057671, 9.926093], [-84.057671, 9.939167], [-84.039452, 9.939167], [-84.039452, 9.926093]]]"
France,12263,News 1/2 https://t.co/8uleQhPRai,,en,"[[[-5.141593, 41.364659], [-5.141593, 51.088771], [9.559831, 51.088771], [9.559831, 41.364659]]]"
üá≥üá±,1813,Alles!,,en,"[[[5.727031, 52.073262], [5.727031, 52.285554], [6.078537, 52.285554], [6.078537, 52.073262]]]"
"Praha, ƒåesk√° republika",368,"Millions of Vaccines to Reach Israel in 2021
https://t.co/YZN2wDmv4k",,en,"[[[14.225243, 49.941904], [14.225243, 50.177256], [14.706508, 50.177256], [14.706508, 49.941904]]]"
Barcelona,49,"Acaba de publicar una foto en El Clot, Cataluna, Spain https://t.co/krOaO7jWxx","[41.4099, 2.1907]",es,"[[[2.052477, 41.317048], [2.052477, 41.468266], [2.229978, 41.468266], [2.229978, 41.317048]]]"
"Barcelona, Spain",10,Que ganas de probar y hacer guapas mis amigas.... Gracias @remingtonesp @theinsiderses en Font M√†gica de Montju√Øc -‚Ä¶ https://t.co/ogpZ5PqsIg,"[41.37134962, 2.15174586]",ca,"[[[2.052477, 41.317048], [2.052477, 41.468266], [2.229978, 41.468266], [2.229978, 41.317048]]]"
Chennai,489,Superb work! When credit is due- it must be given! @CMOTamilNadu well done with CoVID ‚úÖ and now #NivarCyclone‚Ä¶ https://t.co/6Hajvjep5H,,en,"[[[80.234885, 12.970918], [80.234885, 13.077871], [80.288726, 13.077871], [80.288726, 12.970918]]]"
,188,"#MIUI Tiempo#Hoy Hospitalet de Llobregat 16 / 9‚ÑÉ,Nublado,ICA 18 https://t.co/zOVrbazol2",,es,"[[[2.086323, 41.336062], [2.086323, 41.380548], [2.137433, 41.380548], [2.137433, 41.336062]]]"
,767,Dem√† a les 19h direm Maria-Merc√® Mar√ßal al #cccb @ CCCB https://t.co/C10yIhG033,"[41.38367951, 2.16659358]",ca,"[[[2.052477, 41.317048], [2.052477, 41.468266], [2.229978, 41.468266], [2.229978, 41.317048]]]"
,1632,"Se ve que el corto de Ibai tiene la culpa del poco stock de PS5 seg√∫n algunos...

La gente est√° crispadisima por to‚Ä¶ https://t.co/QzW0leUh1R",,es,"[[[2.052477, 41.317048], [2.052477, 41.468266], [2.229978, 41.468266], [2.229978, 41.317048]]]"
Catterick Garrison North Yorks,174,Good morning twitterland. How are you all. Up early in case the courier who is collecting my Covid-19 test comes bang on 8am.,,en,"[[[-1.732625, 54.363015], [-1.732625, 54.383985], [-1.694359, 54.383985], [-1.694359, 54.363015]]]"
Barcelona,205,@MayteVirgili feliz miercoles Mayte https://t.co/28uo7QbhjV,,es,"[[[2.052477, 41.317048], [2.052477, 41.468266], [2.229978, 41.468266], [2.229978, 41.317048]]]"
France,12263,News 1/3 https://t.co/H6vZyj9x3b,,en,"[[[-5.141593, 41.364659], [-5.141593, 51.088771], [9.559831, 51.088771], [9.559831, 41.364659]]]"
,90,@IrishTimes Conditions are grim. Almost Dickensian in some cases. COVID had pointed out the obvious flaws of this i‚Ä¶ https://t.co/4FiCN7mbz2,,en,"[[[-6.387438, 53.298745], [-6.387438, 53.41106], [-6.107805, 53.41106], [-6.107805, 53.298745]]]"
Espa√±a,63,"@PhilJordi No me extra√±a, hacen bien.
Otros no podemos hacerlo y hay d√≠as que te sientes atrapado.",,es,"[[[2.052477, 41.317048], [2.052477, 41.468266], [2.229978, 41.468266], [2.229978, 41.317048]]]"
"Rosario, Argentina",1076,"Sacando el covid de lado, no es feo estar todos asi pegados con el calor que hace????? no hay chances",,es,"[[[-60.781306, -33.033993], [-60.781306, -32.869238], [-60.613506, -32.869238], [-60.613506, -33.033993]]]"
"Cincinnati, OH",111,@DocKamran @DanielAndrewsMP ‚úäüèΩüëèüèΩ YES! The US is in big trouble: mainly because most Americans are not masking or fo‚Ä¶ https://t.co/aFsCFQu9S5,,en,"[[[-84.710722, 39.052962], [-84.710722, 39.221114], [-84.368903, 39.221114], [-84.368903, 39.052962]]]"
Barcelona,205,@Felatuit buen dia Fela,,es,"[[[2.052477, 41.317048], [2.052477, 41.468266], [2.229978, 41.468266], [2.229978, 41.317048]]]"
"Ginebra, Suiza",2151,"The story says Schmidt ""won"" Cyprus citizenship, but I am pretty sure @BrankoMilan would not shy away from saying t‚Ä¶ https://t.co/XpgnAuIMay",,en,"[[[2.052477, 41.317048], [2.052477, 41.468266], [2.229978, 41.468266], [2.229978, 41.317048]]]"
,159,@catalunya_marea Sanidad p√∫blica 100%yde calidad,,es,"[[[2.052477, 41.317048], [2.052477, 41.468266], [2.229978, 41.468266], [2.229978, 41.317048]]]"
Chennai,89,"#Differently_Abled friends #Emergency Helpline No. 
1800 4250 111
24x7 WhatsApp #Video_Calling Helpline No. for‚Ä¶ https://t.co/ppZgWpAj4g",,en,"[[[80.1852, 13.041717], [80.1852, 13.091511], [80.271212, 13.091511], [80.271212, 13.041717]]]"
Los Angeles,830,"I AM TRYING VERY HARD TO KEEP FOUR SENIOR CITIZENS ALIVE, PLEASE HELP ME BY STAYING HOME AND ZOOMING FOR A FEW MORE‚Ä¶ https://t.co/BIXCujvvwm",,en,"[[[-118.668404, 33.704538], [-118.668404, 34.337041], [-118.155409, 34.337041], [-118.155409, 33.704538]]]"
"Barcelona, Spain",1232,"El balanceo de carga es vital si quer√©is poder cargar sin necesidad de aumentar la potencia contratada, no lo dud√©i‚Ä¶ https://t.co/RYTw8SVxMa",,es,"[[[2.052477, 41.317048], [2.052477, 41.468266], [2.229978, 41.468266], [2.229978, 41.317048]]]"
"San Diego, California",718,üö®üö®T H I Süö®üö®,,en,"[[[-117.282538, 32.53962], [-117.282538, 33.080404], [-116.92744, 33.080404], [-116.92744, 32.53962]]]"
"Auckland, New Zealand",735,@oit_andy Managing covid is multi factorial. Australian state of Victoria did a good job with lockdown after over 7‚Ä¶ https://t.co/AZ5wnIOaAS,,en,"[[[174.161834, -37.292621], [174.161834, -35.898837], [175.550653, -35.898837], [175.550653, -37.292621]]]"
"Hyderabad, India",532,"#HimachalPradesh - 83 new #COVID19 + cases, 64 Recoveries &amp; 10 Deaths reported in State till 5pm Today. Now Total c‚Ä¶ https://t.co/Hmp0W29Udn",,en,"[[[78.426176, 17.234568], [78.426176, 17.495638], [78.770343, 17.495638], [78.770343, 17.234568]]]"
BARCELONA,1492,Cap al Laberint d‚ÄôHorta !!! (1) - 29 novembre 2020 -  9 km @ Parc del Laberint d'Horta https://t.co/P6Gv1zl463,"[41.44035316, 2.14559913]",ca,"[[[2.052477, 41.317048], [2.052477, 41.468266], [2.229978, 41.468266], [2.229978, 41.317048]]]"
Catalunya,1642,"Preparada per a la trucada nenes!!! (@ F.O.C. in Sant Cugat, Catalu√±a, Catalunya) https://t.co/bws2SEewda https://t.co/l6eJxb5PCz","[41.45769145, 2.07142226]",ca,"[[[1.999829, 41.415036], [1.999829, 41.519488], [2.129965, 41.519488], [2.129965, 41.415036]]]"
BARCELONA,1492,Cap al Laberint d‚ÄôHorta !!! (2) - 29 novembre 2020 -  9 km @ Parc del Laberint d'Horta https://t.co/QD70roL6ty,"[41.44035316, 2.14559913]",ca,"[[[2.052477, 41.317048], [2.052477, 41.468266], [2.229978, 41.468266], [2.229978, 41.317048]]]"
"46.869100,103.848242",913,üíæ ‚ìà‚ìÄ‚ìé ‚ìâ‚í∫‚í∏‚íΩ UK secures two million more Moderna jabs as new vaccine minister appointed - https://t.co/jjFCUA8Wcb,"[55.852472, -4.309626]",en,"[[[-4.393285, 55.796184], [-4.393285, 55.920421], [-4.090218, 55.920421], [-4.090218, 55.796184]]]"
Barcelona-Madrid,222,#Barcelona #runhappy #werunbcn #werunmad #instarunners #instarunnersbarcelona #instarunnersmadrid #sienteelrugido‚Ä¶ https://t.co/fnzGkeBkNR,"[41.3894, 2.1683]",en,"[[[2.052477, 41.317048], [2.052477, 41.468266], [2.229978, 41.468266], [2.229978, 41.317048]]]"
Lara,424,"C√≥mo disfruto este d√≠a!
.
.
.
.
#sundaybest #familia #descanso #hoynotrabajo en Barcelona, Spain https://t.co/k1QiIaaiL5","[41.3894, 2.1683]",es,"[[[2.052477, 41.317048], [2.052477, 41.468266], [2.229978, 41.468266], [2.229978, 41.317048]]]"
Windhoek,326,"Keep on keeping up my sister, God is watching from a distance; you are blessed. @ Windhoek, Namibia https://t.co/1kxImv4AKU","[-22.57, 17.0836]",en,"[[[11.601627, -28.96939], [11.601627, -16.963447], [25.262676, -16.963447], [25.262676, -28.96939]]]"
"Nottingham, England",1707,Caught COVID for a second time a few weeks ago and today marks the end of my isolation. How better to do so than th‚Ä¶ https://t.co/k822PPZUZz,"[52.9492, -1.1453]",en,"[[[-1.250136, 52.921473], [-1.250136, 53.017965], [-1.094396, 53.017965], [-1.094396, 52.921473]]]"
"Madrid, Comunidad de Madrid",374,‚Ä¢ 29.11.2020 ‚Ä¢ Detalles üîé Mascarilla @paulavalentindesign ‚Ä¢ Aros y anillo @bimbaylola ‚Ä¢ Segundo pendiente‚Ä¶ https://t.co/2yFvvPGXsF,"[40.4, -3.68333]",es,"[[[-3.889005, 40.312071], [-3.889005, 40.643518], [-3.51801, 40.643518], [-3.51801, 40.312071]]]"
Espa√±a .La Manga del Mar Menor,12449,los ilegales entran muchisimos por #canarias  pero en Avion entran a la #peninsula muchos con #covid en Bar Galacti‚Ä¶ https://t.co/KopCMpeHg3,"[37.65040937, -0.71745951]",es,"[[[-1.225551, 37.533889], [-1.225551, 37.731143], [-0.688067, 37.731143], [-0.688067, 37.533889]]]"
,2658,"COVID 19 MUNDO A NOVIEMBRE 28 DE 2020.  
#SOAT en Colombia https://t.co/V2zL1ui6sx","[3.816667, -73.916667]",es,"[[[-74.416384, 3.669929], [-74.416384, 3.983609], [-73.728713, 3.983609], [-73.728713, 3.669929]]]"
Pottsylvania,99,Street Art en La Dreta De L'eixample https://t.co/t1ZPlrBmbO,"[41.3872996, 2.1674136]",ca,"[[[2.052477, 41.317048], [2.052477, 41.468266], [2.229978, 41.468266], [2.229978, 41.317048]]]"
,2658,COVID 19 COLOMBIA NUEVOS FALLECIDOS DIARIOS A NOVIEMBRE 28 DE 2020...: 185 en Colombia https://t.co/Kpwxa0uVaq,"[3.816667, -73.916667]",es,"[[[-74.416384, 3.669929], [-74.416384, 3.983609], [-73.728713, 3.983609], [-73.728713, 3.669929]]]"
"Southend-on-Sea, UK",9328,#Coronavirus lockdown: #Essex couple fined for driving to Wales to give Christmas presents https://t.co/qoHxddZU0X,"[51.54717027, 0.66508719]",en,"[[[0.624134, 51.522076], [0.624134, 51.576801], [0.818367, 51.576801], [0.818367, 51.522076]]]"
,2658,"COVID 19, COLOMBIA, NUEVOS CASOS DIARIOS A NOVIEMBRE 28:   9.540
#SEGUROS 
#TODORIESGO en Colombia https://t.co/M0LGO1ymMx","[3.816667, -73.916667]",es,"[[[-74.416384, 3.669929], [-74.416384, 3.983609], [-73.728713, 3.983609], [-73.728713, 3.669929]]]"
Barcelona,96,"Domingo, dominguero...
#diatrasdia en Hostafrancs (Barcelona Metro) https://t.co/bdSXKFweY7","[41.37532971, 2.14388973]",es,"[[[2.052477, 41.317048], [2.052477, 41.468266], [2.229978, 41.468266], [2.229978, 41.317048]]]"
BARCELONA,60,"Ayer en Arc de triomf, bcn ‚≠ê ‚≠ê ‚≠ê ‚≠ê ‚≠ê ‚≠ê @bcnlegends.tv cuando cierren esta cuenta. #bcnlegends #urbangraffitisbcn‚Ä¶ https://t.co/hHR3IHpvTp","[41.3894, 2.1683]",es,"[[[2.052477, 41.317048], [2.052477, 41.468266], [2.229978, 41.468266], [2.229978, 41.317048]]]"
,96,"Primera vez que tengo un calendario de adviento, que nervios a que llegue el d√≠a 1 muchas gracias cu√±adita en L'Hos‚Ä¶ https://t.co/BfZosfK7aX","[41.3684, 2.1162]",es,"[[[2.086323, 41.336062], [2.086323, 41.380548], [2.137433, 41.380548], [2.137433, 41.336062]]]"
"Barcelona, Espa√±a",29179,Happy and sunny Sunday from Barcelonaüíï @ El Farr√≥ https://t.co/6q78dsqmwc,"[41.4033669, 2.14653194]",en,"[[[2.052477, 41.317048], [2.052477, 41.468266], [2.229978, 41.468266], [2.229978, 41.317048]]]"
"Barcelona, Catalonia",161,Seaside - The Kooks üîäüé∂üôåüèª @ MACBA Museu d'Art Contemporani de Barcelona https://t.co/OgatZ61EyD,"[41.3830878, 2.16675282]",ca,"[[[2.052477, 41.317048], [2.052477, 41.468266], [2.229978, 41.468266], [2.229978, 41.317048]]]"
"Barcelona, Catalu√±a",3560,"Judith, Sweet Spanish masseuse offers you the Nuru Massage at #FelinaMassage https://t.co/ExxlBtGQR0","[41.384445, 2.133314]",en,"[[[2.052477, 41.317048], [2.052477, 41.468266], [2.229978, 41.468266], [2.229978, 41.317048]]]"
"Conyers, GA",162,"We are located at 2378 Dogwood Dr. SE, Conyers, GA 30013

Wear your mask and social distance

#sundayworship‚Ä¶ https://t.co/BR2IWGHc5e","[33.5146, -83.8626]",en,"[[[-85.605166, 30.355644], [-85.605166, 35.000771], [-80.742567, 35.000771], [-80.742567, 30.355644]]]"
People's Republic of China,11,"Winter mask #earmuffs ear warmer
Winter gift
Mask+earmuff @ Florida, USA https://t.co/6qudwRPiXu","[-7.71778, 109.97505]",en,"[[[109.937379, -7.787904], [109.937379, -7.697346], [110.023183, -7.697346], [110.023183, -7.787904]]]"
Barcelona,1069,"Just posted a photo @ Barcelona, Spain https://t.co/ijaCPuGFrw","[41.3894, 2.1683]",en,"[[[2.052477, 41.317048], [2.052477, 41.468266], [2.229978, 41.468266], [2.229978, 41.317048]]]"
"Bozeman, Montana",20057,"With COVID-19 restrictions at resorts, officials worry about more skiers heading into the backcountry https://t.co/FUUK6sW0oI","[45.67070719, -111.07427917]",en,"[[[-111.185677, 45.625349], [-111.185677, 45.750351], [-110.980181, 45.750351], [-110.980181, 45.625349]]]"
Catalunya,1642,"Diumenge pesant figues i encara no hem dinat (@ F.O.C. in Sant Cugat, Catalu√±a, Catalunya) https://t.co/2zbyIFdvuq https://t.co/0DeOtPCzAX","[41.45769145, 2.07142226]",ca,"[[[1.999829, 41.415036], [1.999829, 41.519488], [2.129965, 41.519488], [2.129965, 41.415036]]]"
"Rochdale, England",1036,This is as far as the funds could stretch this year ü§£ Merry Covid Christmas! The ring light is doubling up as a tre‚Ä¶ https://t.co/68R7FnBVdn,"[53.6106, -2.157]",en,"[[[-2.228709, 53.560058], [-2.228709, 53.658702], [-2.077293, 53.658702], [-2.077293, 53.560058]]]"
Catalunya,1642,Fa 5 anys!!! Aniversaris de n√∫meros rodons!!!  I aquest any qu√©??? Nom√©s ajornem sus lo aviso (@ F.O.C. in Sant Cug‚Ä¶ https://t.co/uRNJWRYhX7,"[41.45769145, 2.07142226]",ca,"[[[1.999829, 41.415036], [1.999829, 41.519488], [2.129965, 41.519488], [2.129965, 41.415036]]]"
barcelona ,198,"ESTE DOMINGO DESDE LAS 4:00pm @lallunacafe_ no te lo pierdas #matinee #salero 

Llega temprano que solo es hasta la‚Ä¶ https://t.co/2WXLR07gnM","[41.3894, 2.1683]",es,"[[[2.052477, 41.317048], [2.052477, 41.468266], [2.229978, 41.468266], [2.229978, 41.317048]]]"
,321,"TU, 
estas per damunt de tots i de tothom...
SEMPRE BAR√áA
PER MOLTS ANYS!!! 
121 @ Camp Nou (FC Barcelona) https://t.co/J288aPHs1Z","[41.3809291, 2.12235415]",ca,"[[[2.052477, 41.317048], [2.052477, 41.468266], [2.229978, 41.468266], [2.229978, 41.317048]]]"
Espa√±a,32,Ambiente navide√±o en Sant Cugat del Vall√®s https://t.co/EOm58damsi,"[41.4706, 2.0852]",ca,"[[[1.999829, 41.415036], [1.999829, 41.519488], [2.129965, 41.519488], [2.129965, 41.415036]]]"
"London, NW1 1UN",1498,Wondering through #coaldropsyard today feeling nostalgic for pre covid days and working from our office in‚Ä¶ https://t.co/mpwFV5ppel,"[51.53603086, -0.1264005]",en,"[[[-0.213503, 51.512805], [-0.213503, 51.572068], [-0.105303, 51.572068], [-0.105303, 51.512805]]]"
"Seattle, WA",726,121 anys d‚Äôhist√≤ria #bar√ßa üî¥üîµ‚öΩÔ∏è‚ù§Ô∏è... @ Museo De Camp Nou https://t.co/om6g5qd5EI,"[41.3840816, 2.15155686]",ca,"[[[2.052477, 41.317048], [2.052477, 41.468266], [2.229978, 41.468266], [2.229978, 41.317048]]]"
Catalunya,1642,#elsconsellsdenrobin Si poses cara de senyor seri√≥s tothom t‚Äôotorga m√©s credibilitat. (Aix√≤ que agafes √©s una galet‚Ä¶ https://t.co/48GmcKFy8z,"[41.45769145, 2.07142226]",ca,"[[[1.999829, 41.415036], [1.999829, 41.519488], [2.129965, 41.519488], [2.129965, 41.415036]]]"
Estoy Barcelona. Soy de Madrid,92,Acaba de publicar una foto en En Mi Casa https://t.co/gnbQ1ymskv,"[41.43277222, 2.18304021]",es,"[[[2.052477, 41.317048], [2.052477, 41.468266], [2.229978, 41.468266], [2.229978, 41.317048]]]"
London,15735,Covid nights... Deliveroo drivers waiting by the hatch at the chippie @ Sutton &amp; Sons Essex Road https://t.co/67HdUD8waU,"[51.54432184, -0.08938779]",en,"[[[-0.142058, 51.518552], [-0.142058, 51.575301], [-0.076305, 51.575301], [-0.076305, 51.518552]]]"
,245,Acaba de publicar una foto en Horta https://t.co/iGrWOUcnQ7,"[41.42944444, 2.16194444]",es,"[[[2.052477, 41.317048], [2.052477, 41.468266], [2.229978, 41.468266], [2.229978, 41.317048]]]"
"Pittsburgh, PA",195,"Her sister had a big party, but with covid we had to adjust. This little girl couldn‚Äôt have been more grateful for‚Ä¶ https://t.co/Y7XfULSpNe","[40.53638889, -80.18444444]",en,"[[[-80.193281, 40.531506], [-80.193281, 40.550762], [-80.154662, 40.550762], [-80.154662, 40.531506]]]"
"Barcelona, Spain",76,"Just posted a photo @ Barcelona, Spain https://t.co/SaVDkpEqDk","[41.3894, 2.1683]",en,"[[[2.052477, 41.317048], [2.052477, 41.468266], [2.229978, 41.468266], [2.229978, 41.317048]]]"
,549,Missin‚Äô our annual trips to Surigao every Christmas Break ‚òπÔ∏è I hate u covid! Throwback post x-mas 2017 ‚òÄÔ∏èüå¥ @ Tinago‚Ä¶ https://t.co/a1UXIIAtFi,"[9.7, 125.58333333]",en,"[[[125.522722, 9.642256], [125.522722, 9.815231], [125.740725, 9.815231], [125.740725, 9.642256]]]"
"Foz do Igua√ßu, Brasil",1235,'Cause all I ever wanted was lÃ∂oÃ∂vÃ∂eÃ∂ cura da covid-19 em Foz do Igua√ßu https://t.co/kpnU2Tw2rp,"[-25.5183, -54.5581]",es,"[[[-54.619501, -25.695489], [-54.619501, -25.212313], [-54.294691, -25.212313], [-54.294691, -25.695489]]]"
Catalunya  ,2938,"I'm at Trencal√≤s in Barcelona, Espa√±a https://t.co/Bigiq1ZJGk","[41.380424, 2.13632]",ca,"[[[2.052477, 41.317048], [2.052477, 41.468266], [2.229978, 41.468266], [2.229978, 41.317048]]]"
Catalunya,1642,"A dinaaaaaar (@ F.O.C. in Sant Cugat, Catalu√±a, Catalunya) https://t.co/i6veRTp32q https://t.co/kQFr2Euol0","[41.45769145, 2.07142226]",ca,"[[[1.999829, 41.415036], [1.999829, 41.519488], [2.129965, 41.519488], [2.129965, 41.415036]]]"
"Viladecans, Espanya",330,"Enguany @caminatasolidaria2020 diferent, amb mascareta i sense poder-ho fer junts per√≤, #viladecans sempre solid√†ri‚Ä¶ https://t.co/8uX4J4gQFp","[41.31674, 2.02181]",ca,"[[[1.988241, 41.270326], [1.988241, 41.337687], [2.07465, 41.337687], [2.07465, 41.270326]]]"
"Kansas City, MO",793,"Quick selfie with my @themandalorian face mask 

#starwars #starwarsfan #themandalorian #mando‚Ä¶ https://t.co/8Fv5xXeOj0","[39.1022, -94.5809]",en,"[[[-94.733122, 38.868002], [-94.733122, 39.332095], [-94.385441, 39.332095], [-94.385441, 38.868002]]]"
"Corrientes, Argentina",239,"Parte oficial sobre la situaci√≥n del #Coronavirus en la provincia. 
.
.
.
#NosCuidamosEntreTodos üò∑üí™üèª‚Ä¶ https://t.co/e2fnZIxnjo","[-27.4748, -58.8445]",es,"[[[-58.855973, -27.537017], [-58.855973, -27.437049], [-58.736291, -27.437049], [-58.736291, -27.537017]]]"
cleveland ohio,1136,"Browns Sunday at Scalpers 
Dine in and takeout 
Delivery available on
UberEats 
DoorDash 
Grubhub 
gift cards avail‚Ä¶ https://t.co/RQ34PFUDKY","[41.51985212, -81.47352914]",en,"[[[-81.474912, 41.500849], [-81.474912, 41.533113], [-81.43201, 41.533113], [-81.43201, 41.500849]]]"
Ireland | Scotland | Inuit | Skandinavien,1478,Fighting Stigma: Expert says Irish people don't need to be test subjects to prove Covid-19 spread in pubs: A public‚Ä¶ https://t.co/tAOMUPRIpS,"[45.75975883, -73.56725453]",en,"[[[-73.700164, 45.716103], [-73.700164, 45.821364], [-73.526116, 45.821364], [-73.526116, 45.716103]]]"
Ireland | Scotland | Inuit | Skandinavien,1478,Fighting Stigma: Two-thirds of Irish troops serving in Kosovo test positive for Covid-19: KFOR has been delivering‚Ä¶ https://t.co/KkglRb6En6,"[45.75975883, -73.56725453]",en,"[[[-73.700164, 45.716103], [-73.700164, 45.821364], [-73.526116, 45.821364], [-73.526116, 45.716103]]]"
"Viladecans, Espanya",330,"Enguany una @caminatasolidaria2020 diferent, amb mascareta i sense poder fer-ho junts per√≤, #viladecans sempre soli‚Ä¶ https://t.co/SVM5Q3CH5b","[41.31674, 2.02181]",ca,"[[[1.988241, 41.270326], [1.988241, 41.337687], [2.07465, 41.337687], [2.07465, 41.270326]]]"
"London, United Kingdom",137984,#France must analyse COVID-19 crowd limits to attend church https://t.co/VkTnhxMJtn,"[51.50538967, -0.12485951]",en,"[[[-0.187894, 51.483718], [-0.187894, 51.516466], [-0.109978, 51.516466], [-0.109978, 51.483718]]]"
Sant Cugat del Valles,282,Acaba de publicar una foto en Parc de la Serralada de Marina https://t.co/nCn8BObl27,"[41.44128726, 2.22207801]",es,"[[[2.211092, 41.42594], [2.211092, 41.492681], [2.270008, 41.492681], [2.270008, 41.42594]]]"
"Devon, UK",3506,Devon school confirms positive coronavirus case https://t.co/0oQMoTLc6x,"[50.37973537, -4.14238416]",en,"[[[-4.203701, 50.360251], [-4.203701, 50.444179], [-4.082159, 50.444179], [-4.082159, 50.360251]]]"
"Foz do Igua√ßu, Brasil",1235,'Cause all I ever wanted was lÃ∂oÃ∂vÃ∂eÃ∂ cura da covid-19 em Foz do Igua√ßu https://t.co/BB5eRwjUBP,"[-25.5183, -54.5581]",es,"[[[-54.619501, -25.695489], [-54.619501, -25.212313], [-54.294691, -25.212313], [-54.294691, -25.695489]]]"
,142,De esos tiempos en los que se subrayaba sin mascarilla... en Parque Lineal del Manzanares https://t.co/RfGxXjwSms,"[40.35550556, -3.67544167]",es,"[[[-3.889005, 40.312071], [-3.889005, 40.643518], [-3.51801, 40.643518], [-3.51801, 40.312071]]]"
"Manhattan, Ny 10036.",454,I William McCullough 3rd in Newyork City ( USA )  Got My Mask on and it is a beautiful day . ( King ) ( Ace of Spad‚Ä¶ https://t.co/FhOId5w9kY,"[40.7588419, -73.99112517]",en,"[[[-74.026675, 40.683935], [-74.026675, 40.877483], [-73.910408, 40.877483], [-73.910408, 40.683935]]]"
"Mississauga, L5K 1J7",1080,Join us in supporting Halton‚Äôs women and kids. They are under tremendous pressure and more need than ever given lim‚Ä¶ https://t.co/Dy0rrPXKfP,"[43.6, -79.65]",en,"[[[-79.810142, 43.373074], [-79.810142, 43.737414], [-79.422004, 43.737414], [-79.422004, 43.373074]]]"
"Barcelona, Catalunya",2190,I'm at Phenomena for From Russia with Love in Barcelona https://t.co/ggkIJYAG3Q,"[41.409134, 2.1717253]",en,"[[[2.052477, 41.317048], [2.052477, 41.468266], [2.229978, 41.468266], [2.229978, 41.317048]]]"
"New York, NY",502,"Nearly half of all schools globally don‚Äôt have basic hand-washing facilities, affecting 818 million children. With‚Ä¶ https://t.co/9KOGGY4vLG","[40.7779, -73.9675]",en,"[[[-74.026675, 40.683935], [-74.026675, 40.877483], [-73.910408, 40.877483], [-73.910408, 40.683935]]]"
Barcelona,312,Acabat! ‚ò∫Ô∏èüêæ üéµüé∂üêæüêæüçÇüçÅüíì‚ùÑÔ∏è#startitis #knitprosymfonie #schoppelwolle #zauberball #bcnknitter #sunnysidecardigan‚Ä¶ https://t.co/ZikZytQlRa,"[41.39685865, 2.17088353]",ca,"[[[2.052477, 41.317048], [2.052477, 41.468266], [2.229978, 41.468266], [2.229978, 41.317048]]]"
Little Rock,83,"The holidays are here! ‚≠êÔ∏è
I‚Äôd love to see you before COVID-Christmas! @ Carter Miller Hillcrest https://t.co/7pZnC41vyp","[34.76253, -92.33177]",en,"[[[-92.521595, 34.62595], [-92.521595, 34.817822], [-92.163049, 34.817822], [-92.163049, 34.62595]]]"
Sant Vicen√ß dels Horts ,282,D10S en Camp Nou (FC Barcelona) https://t.co/m3vyhsvgwP,"[41.3809291, 2.12235415]",ca,"[[[2.052477, 41.317048], [2.052477, 41.468266], [2.229978, 41.468266], [2.229978, 41.317048]]]"
Barcelona (Catalunya) ,799,"√âs temporada de Rogers, mollets, molls...fets fregits. #mollets #molls #rogers @ Sant Gervasi - Galvany https://t.co/YJcOALMMWL","[41.39612084, 2.1839538]",ca,"[[[2.052477, 41.317048], [2.052477, 41.468266], [2.229978, 41.468266], [2.229978, 41.317048]]]"
BARCELONA,60,Reportan respecto al post anterior ‚≠ê ‚≠ê ‚≠ê ‚≠ê ‚≠ê ‚≠ê @bcnlegends.tv cuando cierren esta cuenta. #bcnlegends‚Ä¶ https://t.co/WaSyfYTTnT,"[41.3894, 2.1683]",es,"[[[2.052477, 41.317048], [2.052477, 41.468266], [2.229978, 41.468266], [2.229978, 41.317048]]]"
Manila,158,"Long weekend Family time. Kiddos first time to go out after 8months. Protected with 
PlaMedi
Aviche 3.0
Air Tamer a‚Ä¶ https://t.co/4xKzdNMQ9g","[14.10296276, 120.93619541]",en,"[[[120.885266, 14.077968], [120.885266, 14.152788], [121.039975, 14.152788], [121.039975, 14.077968]]]"
Scotland,4363,"RIP Dave Prowse, the man behind the most famous mask in movie history. My all time favourite movie villain.‚Ä¶ https://t.co/FHRTLbvtJT","[55.858, -4.259]",en,"[[[-4.393285, 55.796184], [-4.393285, 55.920421], [-4.090218, 55.920421], [-4.090218, 55.796184]]]"
"Buenos Aires, Argentina",3362,"üôè #Messi rinde homenaje a #Maradona. üîü 

Sos enorme Leo, no te merecemos. ‚ù§ en Camp Nou https://t.co/ci4EU1yUVi","[41.36636, 2.15231]",es,"[[[2.052477, 41.317048], [2.052477, 41.468266], [2.229978, 41.468266], [2.229978, 41.317048]]]"
BARCELONA,60,@Isaacgarcia2107 reports ‚≠ê‚≠ê‚≠ê‚≠ê‚≠ê‚≠ê@bcnlegends.tv cuando cierren esta cuenta. #bcnlegends #urbangraffitisbcn #blegends‚Ä¶ https://t.co/0Wp2jXO8OC,"[41.3894, 2.1683]",es,"[[[2.052477, 41.317048], [2.052477, 41.468266], [2.229978, 41.468266], [2.229978, 41.317048]]]"
Barcelona ,188,Avui he arrivat fins al Castell de Montjuic #barcelona #covid_19 #castelldemontju√Øc #vistesespectaculars‚Ä¶ https://t.co/nqFWHfZTe3,"[41.36333333, 2.16611111]",ca,"[[[2.052477, 41.317048], [2.052477, 41.468266], [2.229978, 41.468266], [2.229978, 41.317048]]]"
Ireland | Scotland | Inuit | Skandinavien,1478,Fighting Stigma: Coronavirus: Westmeath Has Had A Drop In Its Incidence Rate: A public health expert says the Gover‚Ä¶ https://t.co/DLMgKbGQAR,"[45.75975883, -73.56725453]",en,"[[[-73.700164, 45.716103], [-73.700164, 45.821364], [-73.526116, 45.821364], [-73.526116, 45.716103]]]"
Ireland | Scotland | Inuit | Skandinavien,1478,Fighting Stigma: Coronavirus UPDATE: Covid-19 vaccinations could begin as early as next month: The Ireland Thinks p‚Ä¶ https://t.co/z5OFx7VKXq,"[45.75975883, -73.56725453]",en,"[[[-73.700164, 45.716103], [-73.700164, 45.821364], [-73.526116, 45.821364], [-73.526116, 45.716103]]]"
In middle of nowhere,67,Just posted a photo @ Platja del Pont del Petroli https://t.co/eDDGZqTlYt,"[41.44091415, 2.2463876]",ca,"[[[2.211092, 41.42594], [2.211092, 41.492681], [2.270008, 41.492681], [2.270008, 41.42594]]]"
"Fontana Dam, North Carolina",782,Fontana is the perfect place to social distance with your family! Our large fireplace in the lobby makes a great es‚Ä¶ https://t.co/fa5eAZdkyG,"[35.3276129, -83.809486]",en,"[[[-84.321948, 33.752879], [-84.321948, 36.588118], [-75.40012, 36.588118], [-75.40012, 33.752879]]]"
"Catalu√±a, Espa√±a",4603,Escorts who kisses Do you want to know more? Check out the girls offering it at #FelinaBCN: https://t.co/o8h1ZQg0oL,"[41.384445, 2.133314]",en,"[[[2.052477, 41.317048], [2.052477, 41.468266], [2.229978, 41.468266], [2.229978, 41.317048]]]"
"Conyers, GA",162,"Come be among Believers of Jesus Christ  on Sundays at 11:00 AM In-Person Worship Service

We follow the recommenda‚Ä¶ https://t.co/Rb75QCWFAF","[33.5146, -83.8626]",en,"[[[-85.605166, 30.355644], [-85.605166, 35.000771], [-80.742567, 35.000771], [-80.742567, 30.355644]]]"
Barcelona,1912,"‚ñ™Ô∏è d o u b l e ‚ñ™Ô∏è 
#photocinematica #analoguevibes #sonyalpha #analogfeatures #filmphoto #aesthetic #blackandwhite‚Ä¶ https://t.co/yoRehA2ThU","[41.3894, 2.1683]",en,"[[[2.052477, 41.317048], [2.052477, 41.468266], [2.229978, 41.468266], [2.229978, 41.317048]]]"
Entre acordes y latidos üé∂üíì,1128,"@aaronrux y @joecrepusculo a @curtcircuit 
#FotoRobada üòá en Castell De Montjuic, Barcelona https://t.co/bUdwPUGwTw","[41.38547589, 2.16979979]",ca,"[[[2.052477, 41.317048], [2.052477, 41.468266], [2.229978, 41.468266], [2.229978, 41.317048]]]"
Africa,398,Well..... if you have to be in lockdown then let it be Kellybeare. No stinking Covid here. #lovelife #love‚Ä¶ https://t.co/TQcjQqZCQi,"[50.62975726, -4.27205354]",en,"[[[-6.368504, 49.882472], [-6.368504, 52.112542], [-1.485734, 52.112542], [-1.485734, 49.882472]]]"
"Suffolk, UK",5214,Mapped: What are the coronavirus infection rates in your neighbourhood? https://t.co/ULyqCdqTMP https://t.co/3fGXVgRdvG,"[52.05427797, 1.15217943]",en,"[[[1.106876, 52.023536], [1.106876, 52.090691], [1.21645, 52.090691], [1.21645, 52.023536]]]"
"Westminster, UK",1776,How many coronavirus cases have there been in your area? Use our tool to find out https://t.co/AiK68UWX1c https://t.co/8eLDqSImf6,"[51.50013926, -0.12450144]",en,"[[[-0.187894, 51.483718], [-0.187894, 51.516466], [-0.109978, 51.516466], [-0.109978, 51.483718]]]"
"Barcelona, Spain",6,"Anyone who experiences ride with Tuk-tuk before? 

ùêàùêçùêÖùêé &amp; ùêëùêÑùêíùêÑùêëùêïùêÄùêìùêàùêéùêç 
+34 931 06 66 45‚†Ä
https://t.co/sxCevf0rui‚Ä¶ https://t.co/wzLfVP7Uw4","[41.37826, 2.15901]",en,"[[[2.052477, 41.317048], [2.052477, 41.468266], [2.229978, 41.468266], [2.229978, 41.317048]]]"
90047,283,"10am sharp 
Family bring a friend and let's worship 
Please wear your mask @ Ez Teez 4 U NOW https://t.co/cCGwaWivbl","[33.8743, -118.17883]",en,"[[[-118.250227, 33.732905], [-118.250227, 33.885438], [-118.063194, 33.885438], [-118.063194, 33.732905]]]"
Honduras,160,El Diego en Camp Nou (FC Barcelona) https://t.co/A8LoYqGCjD,"[41.3809291, 2.12235415]",ca,"[[[2.052477, 41.317048], [2.052477, 41.468266], [2.229978, 41.468266], [2.229978, 41.317048]]]"
,138,La Cruz de Montigala.... en Sant Geroni De La Murtra https://t.co/Qi2MEod2Ct,"[41.45939, 2.24107]",ca,"[[[2.211092, 41.42594], [2.211092, 41.492681], [2.270008, 41.492681], [2.270008, 41.42594]]]"
"Ondara, Espa√±a",63,"‚òÉÔ∏èüéÅüéÑüéÖü§∂üéÑüéÅ‚òÉÔ∏è en Barcelona, Catalu√±a, Espa√±a https://t.co/eeAKrFwDOO","[41.3894, 2.1683]",es,"[[[2.052477, 41.317048], [2.052477, 41.468266], [2.229978, 41.468266], [2.229978, 41.317048]]]"
,138,Antiguo acueducto.....#sangeronimodelamurtra en Sant Geroni De La Murtra https://t.co/IcuhZhnahO,"[41.45939, 2.24107]",es,"[[[2.211092, 41.42594], [2.211092, 41.492681], [2.270008, 41.492681], [2.270008, 41.42594]]]"
Spain,212,"We're hiring! Click to apply: Senior Statistical Programmer - https://t.co/TYNT7BdT14 #statistics #Barcelona, CT","[41.3847326, 2.1609876]",en,"[[[2.052477, 41.317048], [2.052477, 41.468266], [2.229978, 41.468266], [2.229978, 41.317048]]]"
,138,#badalona al fondo....... en Sant Geroni De La Murtra https://t.co/3iIB4pHHlF,"[41.45939, 2.24107]",ca,"[[[2.211092, 41.42594], [2.211092, 41.492681], [2.270008, 41.492681], [2.270008, 41.42594]]]"
"El Raval, Barcelona",1214,Acaba de publicar una foto en Platja de la Nova Ic√†ria https://t.co/zXmISlcT0w,"[41.39033333, 2.20180556]",ca,"[[[2.052477, 41.317048], [2.052477, 41.468266], [2.229978, 41.468266], [2.229978, 41.317048]]]"
Entre Cuenca y Castelldefels,1951,Acaba de publicar una foto en Camp Nou (FC Barcelona) https://t.co/ENeWaSBzZo,"[41.3809291, 2.12235415]",ca,"[[[2.052477, 41.317048], [2.052477, 41.468266], [2.229978, 41.468266], [2.229978, 41.317048]]]"
Arrecifes ,2439,"Acaba de publicar un video en Barcelona, Spain https://t.co/vMcyk5nh5J","[41.3894, 2.1683]",es,"[[[2.052477, 41.317048], [2.052477, 41.468266], [2.229978, 41.468266], [2.229978, 41.317048]]]"
USA,78,Help those hurting in this covid season! Send your donation to $CompassionCDC or PayPal at Communityofcompassion@gm‚Ä¶ https://t.co/tV91FxgFIM,"[39.95304325, -75.24589777]",en,"[[[-75.280284, 39.871811], [-75.280284, 40.13792], [-74.955712, 40.13792], [-74.955712, 39.871811]]]"
"√úT: 41.776915,-87.745101",1065,"Smiling through my mask üò∑. Today is a good day‚Äî a day of Thanksgiving!! #singpraisesüé∂üéµ
 #sundaysareforchurchüíí @ Apo‚Ä¶ https://t.co/0IXZcQjLJP","[41.77951268, -87.59223928]",en,"[[[-87.940033, 41.644102], [-87.940033, 42.023067], [-87.523993, 42.023067], [-87.523993, 41.644102]]]"
Barcelona (Catalunya) ,799,Tortell de nata i sares d‚Äôametlles i de xocolata de la Pastisseria Lis. #pastisserialiscalabria #pastisserialis‚Ä¶ https://t.co/qrbtr0NRTl,"[41.38113, 2.15296]",ca,"[[[2.052477, 41.317048], [2.052477, 41.468266], [2.229978, 41.468266], [2.229978, 41.317048]]]"
"Fairfax, VA",204,"Do what you love, love what you do. CVS Health is hiring! Join #TeamCVS Pharmacist - COVID 19 Vaccine Support in Gr‚Ä¶ https://t.co/QmP0z7y5UE","[38.9960747, -77.2872728]",en,"[[[-83.67529, 36.540739], [-83.67529, 39.466012], [-75.16644, 39.466012], [-75.16644, 36.540739]]]"
Barcelona,2149,"Acaba de publicar una foto en Barcelona, Spain https://t.co/0qtGa0zSLE","[41.3894, 2.1683]",es,"[[[2.052477, 41.317048], [2.052477, 41.468266], [2.229978, 41.468266], [2.229978, 41.317048]]]"
Barcelona ,17761,"@toyota_esp #landcruiser #4x4 en Barcelona, Spain https://t.co/Go6wqrO9oF","[41.3894, 2.1683]",en,"[[[2.052477, 41.317048], [2.052477, 41.468266], [2.229978, 41.468266], [2.229978, 41.317048]]]"
Barcelona,870,"L‚Äôhome i el mar #cinematic #barcelona @ el Poblenou, Barcelona https://t.co/fegMkt31bL","[41.40005417, 2.20244361]",ca,"[[[2.052477, 41.317048], [2.052477, 41.468266], [2.229978, 41.468266], [2.229978, 41.317048]]]"
"Barquisimeto, Venezuela",290,Simplemente el D10S amo y se√±or del deporte mas hermoso del mundo @leomessi en Camp Nou (FC Barcelona) https://t.co/jFB1XTfi5e,"[41.3809291, 2.12235415]",es,"[[[2.052477, 41.317048], [2.052477, 41.468266], [2.229978, 41.468266], [2.229978, 41.317048]]]"
,29,"I‚Äôll never understand the saying it gets easier with time. 
The emptiness you left behind just seems to grow.....
A‚Ä¶ https://t.co/ozIjzRst73","[33.5033, -117.124]",en,"[[[-117.184394, 33.447541], [-117.184394, 33.554501], [-117.054639, 33.554501], [-117.054639, 33.447541]]]"
BARCELONA,60,"Barcelona, p√°salo ‚≠ê ‚≠ê ‚≠ê ‚≠ê ‚≠ê ‚≠ê @bcnlegendz cuando cierren esta cuenta. #bcnlegends #urbangraffitisbcn #blegends‚Ä¶ https://t.co/yYSBUUvcML","[41.3684, 2.1162]",es,"[[[2.086323, 41.336062], [2.086323, 41.380548], [2.137433, 41.380548], [2.137433, 41.336062]]]"
"Timmins, Ontario",1702,"Province reports 1,708 new, confirmed COVID-19 cases today https://t.co/RDkC491YUO https://t.co/SHFm0IFEma","[48.47593351, -81.32806152]",en,"[[[-81.729849, 48.2768], [-81.729849, 48.712187], [-80.809929, 48.712187], [-80.809929, 48.2768]]]"
Sant Cugat del Vall√©s,244,#hoy a portarse bien! #sardinas #comida #food #foodies #seafood #sardines #fish #restaurant #cal√ßotada #siesta‚Ä¶ https://t.co/LrxrEPpetm,"[41.3894, 2.1683]",es,"[[[2.052477, 41.317048], [2.052477, 41.468266], [2.229978, 41.468266], [2.229978, 41.317048]]]"
,138,Los arcos de Ca L‚ÄôAlemany #calalemany en Ca l'Alemany https://t.co/DN9raeHaoJ,"[41.459335, 2.232254]",ca,"[[[2.211092, 41.42594], [2.211092, 41.492681], [2.270008, 41.492681], [2.270008, 41.42594]]]"
"Torell√≥/Sant Cugat , Barcelona",2972,Just posted a photo @ Sant Cugat del Vall√®s https://t.co/VDGV5uTqxO,"[41.4706, 2.0852]",ca,"[[[1.999829, 41.415036], [1.999829, 41.519488], [2.129965, 41.519488], [2.129965, 41.415036]]]"
